"Lenovo ThinkPad X1 Yoga Gen 3 14"" QHD TOUCH 2-in1 i7-8550U 256GB SSD 8GB win 11",US,$220.00,Used,Intel Core i7-7600U,14 in,Silver,8 GB,256 GB,Intel UHD Graphics 620,1.8 Ghz,Lenovo,ThinkPad Yoga,Laptop,2560 x 1440,Lenovo ThinkPad X1 Yoga,Windows 11 Pro,256 GB,SSD (Solid State Drive),,https://www.ebay.com/itm/175786044295?hash=item28edaa2b87:g:sU4AAOSwUX5kWGGC&amdata=enc%3AAQAIAAAAsOnnSyNz0ZMnSU11jSVln5ue27xXspLV6MffP6O6KcRXv9NLT2yz5AfdyxVosxzk9%2B565tPvxuCdINPK4SrmNP6qI5uUnWWiEimBfI96Ez7lBRZk%2Fh%2Bgw5Gkftqe8jbjNuCpWyeiuYveGGyKGUB%2FUpAy3EHbureEBt0402soGSHdBss%2BiDgeZaEwksUxqlmOKsLetPa6hTlwLSHFBruCNgctmhaZmX2beU4DEnEW40gY%7Ctkp%3ABk9SR_r8vI-jYg
Ibm Thinkpad T41 Intel Pentium M 1.5GB RAM 1.60GHz - 14.1,C,$14.97,For parts or not working,Intel Pentium M,14.1 in,Black,1.5 GB,,,1.60 GHz,Ibm,ThinkPad,Notebook/Laptop,,Ibm Thinkpad T41,,,,,https://www.ebay.com/itm/325708373616?hash=item4bd5bb5e70:g:0YIAAOSw6-dj3q4b&amdata=enc%3AAQAIAAAA4LbMhUZxCikPqLSKgvvZsL5PVD2Te2oij8uQlYxPMBxKLOrS4hO0lJ2xv1X7Lsad1NbCj708oIKElsVxJN1xWl7u0FVVwFPr7QOaU4Cr5mEVhpCJZoO6%2Bn8rBp1E9lwjZ6MO9bL1jV9eDXWL1DY5L7HUDChiYfxVxwR4jrOcBUi5u4LwOoZL1R%2FddSRzby4u%2FoddXKECI3VzFdZT3O0hKq1c6qAnxc9Y6HAAldUgG5Q9tumAPsmkQx2%2FTB0dpqwjnWqFlkuinyeSa5SaK2K2rg5YrobKD%2B8qYCXl3AXnaXsW%7Ctkp%3ABk9SR_r8vI-jYg
Dell Latitude 3510 Core i5 10210U 1.6GHz 8GB RAM 500GB HDD 15.6'' No OS Laptop,US,$112.50,For parts or not working,Core i5 10210U,15.6,,8GB,,,1.6GHz,Dell,,Laptop,,3510,No OS,500GB,,,https://www.ebay.com/itm/134637395525?hash=item1f59039e45:g:a8EAAOSwUQVkjLkj&amdata=enc%3AAQAIAAAAwCOCoDsP2dBkxvJB8Adh5e4WpbmQrbIOIOphw2jxhNF5wOTX6y5P2JwJXN3z0oyEO%2BqWWLs%2BUgI3dGDj%2BJAp0AWGvmXLVigBgnYVC1YBywafAo9xjEqvC1CthE5FVEb5Dir8C3Sd6MGjGe%2Bdg206FogDdFgPrvwfWjaOBZPwWwAbPmzzUrewo5JaAusDR%2BsMcFcHxl4wvO1%2FeUSdtx5iHIMjrKvzpAZoqS%2FjpNpuvhT3DDuYGz%2FWSP4nBy%2FSU0TveA%3D%3D%7Ctkp%3ABk9SR_r8vI-jYg
CHUWI HEROBOOK PRO CELERON N4000 1.10GHz 8GB RAM 256GB SSD PC1305580,US,$72.25,Used,Chuwi,N/A,N/A,N/A,,,,,,N/A,N/A,N/A,,,,,https://www.ebay.com/itm/144837822187?hash=item21b901c6eb:g:yaYAAOSw9b9jipi2&amdata=enc%3AAQAIAAAA0CBxhPrjbOtwmT%2B6WfU5j8ig%2B81WFiKqrsR17XKrbrIE3UUlF69qk5rjCoyNgp74Phxy3gFfVA5zw%2FmVXg9lMj5ei6oFGq47H5H8In7Bd16KZLhRIdC0bgkAltTeb%2FOZOn7%2Fy3de04bVMYx9AvCbpQC7kARih%2Ff0bOCRfYbxSAW2Mj%2B23o967d0e3CDJ43kWkSo94JCZfMVe0hsmDa%2B992apLMRY8Sy7roy%2BQi%2BmbsC7G3uS0OXej9M%2BqJEcfbNwuuK6GLFdhztPMEoq2RjoS0E%3D%7Ctkp%3ABk9SR_z8vI-jYg
"Eluktronics N870HK 17.3"" i7-7700HQ 8GB RAM 128GB SSD GTX 1050 Ti PC1082571",US,$319.00,Used,Eluktronics,N/A,N/A,N/A,,,,,,N/A,N/A,N/A,,,,,https://www.ebay.com/itm/155288285411?hash=item2427e730e3:g:ZNYAAOSwdodjipir&amdata=enc%3AAQAIAAAAsAZeAF0FWYtn3%2FLx1WgtttrHrbHUVTQjE7lcZdBVHltFcd4947njb6QhLriXLkT8lhCMknSu%2BkfymYaiKh%2BIqXmFq%2F4i3%2Bpq3GKQ9jm1N4MgYXtm7OH7xC1SKkm50GjuajkvC93%2FDQEnGesamrn875KI6iXrdg1VxWKTKIOKMTMUN4FmGmbyByrOK8z1qa2fv%2FqkPp1iuq3R2PLJwfNgCkFwtMdHWROKDwOGj%2FZn9sWR%7Ctkp%3ABk9SR_z8vI-jYg
DELL OPTIPLEX 790 INTEL CORE i5-2400 3.10GHz 16GB RAM 500GB HD PC657132,US,$34.00,Used,Dell,N/A,N/A,N/A,,,,,,N/A,N/A,N/A,,,,,https://www.ebay.com/itm/155288285343?epid=5052730969&hash=item2427e7309f:g:OAEAAOSwseVjipil&amdata=enc%3AAQAIAAAA0Naikdq%2B1NCnjvn5uCEEjUQ55RTHUTCVPwzA4rylqP5aY0ZlAIHlz8tnkJTwjTvftlTpjgFQQ%2BCTKUR%2FDEtfBVnkyC7VKjTohPodSfYEz%2F5pUHe71FYGK%2Fq5UopxBH9OzoN4ysNJeu%2FM5y4UDGeP7k8iovfSppqWuBjRWLMKXr2CuW5%2Bjqef2o%2F6lUamm%2FkpZGHBG7hD9wnHt%2FAD9Mv6yltII8O%2F80XNnFAVZd%2FZ%2B%2FoaRraDBi4LIt6peX4BFIAKoWDHy8SXVe0LXqxQ%2Fs%2BPEMc%3D%7Ctkp%3ABk9SR_z8vI-jYg
DELL OPTIPLEX 9020 SFF INTEL CORE i5-4570S 2.90GHz 16GB RAM 250GB SSD PC449356,US,$55.00,Used,Dell,N/A,N/A,N/A,,,,,,N/A,N/A,N/A,,,,,https://www.ebay.com/itm/155288285292?epid=1850081403&hash=item2427e7306c:g:IPMAAOSwhgtjipii&amdata=enc%3AAQAIAAAAsJORnRXFPLSJgPqbAiWozgnykejZjdkrnOVF%2BwJtrgvEr2TufBcBYFzzSN%2BJ%2FdJZcYL7%2BhyzhtDOJVtEMfuWEFjVNgGIxgFU1CwXIYzHz28BzoNK%2F%2BTFz3Tj20Jl85kk4KF%2BuVeSbT9xoHKuP%2BJKN5BQYBqVFUVoslxdYir1EH6oCk84XzSEsugr%2BYB9YJSrec28ADeuxRBfuCwPfWeZNG9%2BknMFnDg%2FQFogds72vsI6%7Ctkp%3ABk9SR_z8vI-jYg
"Tested LENOVO THINKPAD W550s 15.6"" i7-5500U 16GB RAM 256GB SSD QUADRO K620M çhar",US,$119.00,Used,Intel Core i7 5th Gen.,15.6 in,Black,16 GB,256 GB,NVIDIA QUADRO K620M/INTEL HD GRAPHICS 5500,2.40 GHz,Lenovo,ThinkPad,Notebook/Laptop,1920 x 1080,Lenovo ThinkPad W550s,Windows 11 Pro,256 GB,SSD (Solid State Drive),,https://www.ebay.com/itm/185957209190?hash=item2b4be9d466:g:kvMAAOSwQulkl1Xf&amdata=enc%3AAQAIAAAAsBB0TIhW8IIxMizjEJdcnyxJZuTxlaHlOj5jjUWjuhawHCz%2BXYWAsLyjEKkA0sNECmSIuzWsRXsQ48bPbv9wQlKm6f66L7vnjvko8brwPz6Dv22i23CKr6jUpjfGDH%2F53ki%2Bg%2FOo73pYJYThqKeEBKjKoJcKSfZOgVa2yjSBNVAGKiQUIWBdDdYOwqaF6ISCYuEr6MfJk%2Bq7PPm2Emt7j7RH1gaGUzl1YIm6pf4JNJb6%7Ctkp%3ABk9SR_z8vI-jYg
"Asus q505u notebook pc NO H/D, RAM, ADAPTER, WI FI CARD. Read Description please",US,$15.50,For parts or not working,Intel Core i5 8th Gen.,15.6 in,,,,,,ASUS,,Notebook/Laptop,,asus q505u,,,,,https://www.ebay.com/itm/145156509367?hash=item21cc008eb7:g:BpAAAOSwMLNkmMzE&amdata=enc%3AAQAIAAAAsDAdt9EBw9RLA9dpY9f3%2B%2Fz6sXkV7udsfo2eX7sCGuenol3yyPOrvPUWEOTZ5H0na%2BJzeSS4wKJiUfcHBVjN5HEYnQrVrMrHKJ3uDLh%2F%2FqcdN2IIuvrnEnCLrLmigTU%2BUrIijt2rcUAldph9K41I8TLOT17AqfmlV8HS9jwHutytoq%2FCEKf00vAUVarCWno5lvFbLE9A2wHe0iSFO2HSgNIjHVlFiP20fpPRQzOL8nij%7Ctkp%3ABk9SR_z8vI-jYg
HP ZBOOK 17 G5 | INTEL XEON E-2176M 2.70GHZ | 512GB M.2 | 32GB RAM | NO OS,US,$635.00,Used,Intel Xeon E-2176M,"17.3""",Silver,,,,2.70GHz,HP,,,,ZBook 17 G5,Not Included,,,,https://www.ebay.com/itm/195849249171?hash=item2d99866193:g:REkAAOSwB39knW6o&amdata=enc%3AAQAIAAAAsFitfqFVMyRJ39brI%2Fj8jKX771e%2BGA61sYrqkFAKw%2B1UNrAqEFYmKfY22eU6%2BdtifSRVAphx0GwOIyFqSS9ngi4kxshB8RG7MNKS0RM2JjaGVi5JV3rCwYZ1wVCfxlu8SmmULPJYOZO%2FS4utkqvsp8FPSf2CFcZ5hHVEAzKYhX9tXjQNnmHJGXQoqkc2XqE5PB5kbPvxtC9pyS79IMn%2FSIRNTFD8R9fHFZA9lCd6iCMp%7Ctkp%3ABk9SR_z8vI-jYg
HP 15-DW3013DX NOTEBOOK | CORE I3-1115G4 3.00GHZ | 256GB NVME | 8GB RAM | NO OS,US,$135.50,Used,Intel Core i3-1115G4,"15.6""",Silver,,,,3.00GHz,HP,,,,15-dw3013dx,Not Included,,,,https://www.ebay.com/itm/195849484712?hash=item2d9989f9a8:g:w6AAAOSw-iBknZhK&amdata=enc%3AAQAIAAAAsIqIRPse9t%2BUZ9Am5X25xxAq9EdVZGy%2BBSjb6k3uOp5jP4OC%2BxwNrzYzH3%2BLNZLVFFo%2Bz7UFIMwan0iVSoMPIIPLyIknRxnXTEuRmSjleps93XShnnUULW7rKPQILgCwHHTZXaEB0pivYOEWYrgg9oiZ%2B5qJX0uEin4hhh0b5w%2FQDVXsnwfiHo%2BHXoOqLxdcseFKwSPplcVpulKFVDqVe8yIGAHP36zLnWiIK34ko9%2FH%7Ctkp%3ABk9SR_z8vI-jYg
HP ENVY X360 M6-AQ103DX | INTEL CORE I5-7200U 2.50GHZ | 256GB | 12GB RAM | NO OS,US,$137.50,Used,Intel Core i5-7200U,"15.6""",Silver,,,,2.50GHz,HP,,,,ENVY x360 m6-aq103dx,Not Included,,,,https://www.ebay.com/itm/204380684036?hash=item2f9609bf04:g:R6AAAOSwkd5knJ5P&amdata=enc%3AAQAIAAAAsD1RIYzaTjFPp42xLDRx7S1jn8Yrll9uWA1A9K7hSixZYOrhqCRiH2uPbhV%2BOrcIwI%2BwYwux6v%2BCKI7nDfn%2F5bCplLDDXWsY3r8iPPRSHInI85ki%2BpkEPnGoJo39wvm%2FORbr6TDQHTCZg03wsI3VXwD4lDGydc52hFUWhEd%2BH4bAZU6s8M3aPJYKmR9v0YsTwCkyp9Eb3GQACcwlD7vQ28FJlD5LA8lNOm%2FBYpQpPcNO%7Ctkp%3ABk9SR_z8vI-jYg
HP ZBOOK 15 G3 | INTEL CORE I7-6820HQ 2.70GHZ | 512GB NVME | 16GB RAM | NO OS,US,$152.50,Used,Intel Core i7-6820HQ,"15.6""",Black,,,,2.70GHz,HP,,,,ZBook 15 G3,Not Included,,,,https://www.ebay.com/itm/204381318075?hash=item2f96136bbb:g:57IAAOSwvYxknYkA&amdata=enc%3AAQAIAAAA0GDmOjmtbYxNJf6BTa94vq%2FxadsK4lVTkYx8XOfXpYL4zwcqvkU2GBTBacB18juuIuL829pwubfd4te2h3iZ%2B%2BiH76rmTb6IVWbTFqRa1QlxBN05TnFR2Axqtq85upWitfJWyr1Bh3H7hIfnlo18Glsd%2BSQ5GwVYAtCDouVuc0ZowOwArLl2%2BKt0d3FCq2JqfD1tIYKrZJI5f0dNT%2BmsZe7yp7NZWFsar65wdU4dt2P%2FG3I%2FNuEpLlKGLcw8iPoY3r%2Bdjgg%2BnnO2AsXanwzobb8%3D%7Ctkp%3ABk9SR_z8vI-jYg
"Acer Spin 5 N17W1, i5 8th Gen, No Ram, Keyboard Lights Up, For Parts or Repair",US,$30.00,For parts or not working,Intel Core i5 8th Gen.,14.4 in,Black,,,,,Acer,,,,Acer Spin 5,,,,,https://www.ebay.com/itm/275923309982?hash=item403e4f959e:g:LrcAAOSw0flkmeuq&amdata=enc%3AAQAIAAAAsJRFPFOPYD%2BEcRWzn6v%2FHdnTkUnxD1kPtKOtc2smsx%2B0JP9znzfjZPQwuM3lu%2FmJl2q4xw3jYYYjPffDXU6liiSsT0jjTmG5lvqOn3SdQoN9UM%2FMSEiR%2F2KJtQdHGLD%2BBAy%2FzTClS8UUvrLDyAfXPVJXGiVpi3FOZ99rt1Fd189UbqLWGcUbSZPrh8xkNOHSN7ejHgZt8pwZuc64zlTK%2Bp5aloradadkmT6Hzonrgh9l%7Ctkp%3ABk9SR_z8vI-jYg
Libreboot Thinkpad X200 128GB SSD 2GB RAM,US,$229.00,Used,Lenovo,Intel Core 2 Duo,12.1 in,,2 GB,128 GB,,,ThinkPad,,,Lenovo ThinkPad X200,Linux,128 GB,SSD (Solid State Drive),,https://www.ebay.com/itm/374732956921?hash=item573fd324f9:g:DM0AAOSwDwdkege8&amdata=enc%3AAQAIAAAA4Mg%2F4YwugSJnyilP4PQEkm2EcvjpM%2F%2FlQVlrL8IqMM%2FZO6LFhrTAxgKWjN2JEN9eOPLeV6qlMQlcG2JTC7VAIx3EXyaoVLJEHKeH7XlVzsT1zNwhje6mgXJKYl%2FnUcfLBk0MQ%2B7w257k8MW4Y20Gw17IvseOmhFFxGutYC1qoMnTPNPCOuA8HT6Z93pKpWVWpPOuCYn4JLKTrkJUXHRVretuV0%2FDK9bb56GTn03QCYAlKsSTaJhc%2FYCgZn03VFFhmGMB%2BPaPLpgj9UfUj9akqlbJdqIh0oJxfq04LJwREO2p%7Ctkp%3ABk9SR_z8vI-jYg
"Lenovo ThinkPad X220 12.5"" Notebook (Intel Core i5 2nd Gen 2.5GHz 4GB NO HDD)",,,For parts or not working,Intel Core i5 2nd Gen.,12.5 in,,4 GB,,,2.50 GHz,Lenovo,ThinkPad,Notebook/Laptop,,Lenovo ThinkPad X220,Not Included,,,,https://www.ebay.com/itm/285355533223?hash=item427083e3a7:g:o2EAAOSwW~Nknd7M&amdata=enc%3AAQAIAAAA4L21UBMpEFUlLkdpIog4bLm2hBa8F2FpSadNZ6HyBD2%2BIeGMN71Dde5vLHhQ88L13fUBQl86rP88Vq6vTOftMbP4V2iDuVpPkEMKVBAHSOFu9FfA%2FQrybWMsd4kF%2FmR26zXr%2FK%2F8yMrorhQWGwvs9OhMob7XxACvwlcbj3xddWPV9UQ%2Bt3IejcQRHP8KN57Mg9mJPr%2F%2BoqsztB9HAFnYoWR%2FykidcpjPVjNIRPo3I78EQcKWQpi1j2Mf%2BlPVsa%2BrXv%2FJQYKHE1FYXtl6B5cRMKsU4EdtQL2BUDUOVscikKkE%7Ctkp%3ABk9SR_z8vI-jYg
Dell Latitude E5430 i5-3380M 4xCPU@2.9GHz 8GB RAM 120GB SSD Win 11 Pro(6-29-9),US,$20.50,Used,Intel Core i5 3rd Gen.,14 in,Silver,8 GB,120 GB,Intel HD Graphics 4000,2.90 GHz,Dell,Latitude,Notebook/Laptop,,Dell Latitude E5430,Windows 11 Pro,120 GB,SSD (Solid State Drive),,https://www.ebay.com/itm/225645613464?hash=item348986d198:g:J4kAAOSw5v5knhIr&amdata=enc%3AAQAIAAAAsEKNtninQP1%2Be0p75Sggsw8pyRLCfzTTwbm3b%2BdokcrSJWvC3HIGrC9GPI4V%2B5SedJVm5VIy2SGuuOP3qJmZgiu3VBDCiekbsqyQnczCn8kI%2F3dCBMPtOlj%2FB8GzQRimXH%2BeD2y9jtgmTi6b4hcJHMHlYKr%2BnPHkPRKZukAV1Cw84LB%2BrxP9bxZUSvxf3MyPnGwTAqIfMTjZsey3IopjudF3VW%2FJYqQbankjELnMKbix%7Ctkp%3ABk9SR_z8vI-jYg
"Dell XPS 15 9500 i7-10750H 64GB RAM 1TB SSD 15.6"" 4K Touchscreen GTX 1650Ti",US,$649.00,Used,Intel Core i7 10th Gen.,15.6 in,Silver,64 GB,1 TB,NVIDIA GeForce GTX 1650 Ti,2.60 GHz,Dell,XPS,Ultrabook,3840 x 2160,Dell XPS 15 9500,Windows 10 Pro,64 GB,SSD (Solid State Drive),,https://www.ebay.com/itm/134638520615?hash=item1f5914c927:g:gucAAOSwgURkofxZ&amdata=enc%3AAQAIAAAA4F99ZbSnuDgm280n3m8T6v5DOUBUg95RSpmbXalVyIYK1uGNxcHS%2F4%2BaJqwjiO1CQ4yqeHulR9quAKwMf8MZoAotXCSJYNsTNJt%2B%2BO%2FDJxoMQG%2F0UrbaKRRAtFhT3S%2Fa1%2BADqxoaMucqC8m%2FcZV6EUMmZu6Q%2FKMNQt6w0qM4H%2BYU%2F2RRnWNDNVgCUwKwgNz05j5rNjpnimBj10UpHTZy2IaW0jdXcpSFlZ%2BxIYjvT2UxhBshW6ICwXW2BCK%2BOC6CSlz8fLRvKV%2B%2FoyKZVvUlUinXp9Bk0XoAH6UDP1HNCqod%7Ctkp%3ABk9SR_78vI-jYg
"Lot of 4 LENOVO Thinkpad T450s 14"". 2) i7-5600u 2.60GHz. 2) i5-5300U 2.30GHz",US,$185.00,Used,Intel Core i7 5th Gen.,14 in,Black,8 GB,,Intel HD Graphics,2.60 GHz,Lenovo,ThinkPad,Ultrabook,,Lenovo ThinkPad T450S,Windows 10,500 GB,HDD (Hard Disk Drive),,https://www.ebay.com/itm/295785914245?hash=item44de36df85:g:bgMAAOSwBVNkg3Ah&amdata=enc%3AAQAIAAAA4Dbm%2B%2FHHDsNbx%2BJ1n0aryFuseeVLCjLmjTLvBnk7yyh%2BKYeopbt4Fk%2BWtWDVegw7GJhd2TZUInVU%2FoYDaYvAbKFRq6qRfwu4YNr1D0YewsvIQpmnnLMO%2BnYwKlEISJWz4JOmbZ8SI9E4zlNTJ4nxt522GREf%2FZ%2FMQw%2Bzya4Vuk3TVeCP51rByWfrWdHwGcyMB7tNaVcu0%2FkoYJdzHs6NeNbnqilOsRh4lPFRjdC7%2BE2%2Bf1eT4gennWTuSHFJ3IjtMmK5%2FTvodozyBTHBFVMTDJZ1QlkpqMFY1fyqc4cXpZat%7Ctkp%3ABk9SR_78vI-jYg
Asus ROG Zephyrus M16 RTX 3070 TI i9-12900H 40GB RAM 1TB SSD,US,"$1,299.00",Used,i9 12th gen,16 in,,40GB,1 TB,,,ASUS,,,,ASUS ROG Zephyrus M,Windows 11 Pro,1 TB,SSD (Solid State Drive),,https://www.ebay.com/itm/325714809697?hash=item4bd61d9361:g:uaoAAOSwP9lkn0xO&amdata=enc%3AAQAIAAAA4KlvdOsUu0KNVNrOBZaozFbvrXnG0OUZWnhNcVR8Yxl7RjZeQZ2D69czPfXG8oX6%2BdBahwB9prfV7wMKlOXqsTMT0Of2jJvtYHhBlBeTG0EAnG6uDeyzReDc9CDkRFNNuSuEkA5X1WlZNG2nWwP0iZnzAdVN3z3zi2kGbslY0%2FMRot6T1ahfQyQyqqrLr1cMTvhihRioNzfndY%2FASx%2BZLTTopT67pQ4GNCkuVyMtQhLQMr9wO%2BXcwi9FStwCs6PzMSrCibiR52HsE6s2jt6mectaez1I7K1YaEfWgrfkWUm3%7Ctkp%3ABk9SR_78vI-jYg
"Acer - Predator Triton 300 SE 14"" 144Hz Laptop upgraded RAM and SSD RTX 3060",US,$655.00,Used,SSD (Solid State Drive),Intel Core i7 11th Gen.,14 in,,,1 TB,,,Acer,,Notebook/Laptop,,Acer Predator Triton 300,Windows 11 Home,1 TB,,https://www.ebay.com/itm/204377833123?hash=item2f95de3ea3:g:oXYAAOSwHCBkjciK&amdata=enc%3AAQAIAAAAsBN4gnNoRfX7hx5o6zjQ7GcfekFvSd%2F%2B%2BiKs0FaH1LLoiDaelXwDyeeahJWXa6PX5%2FDzU3eZ6%2Bah8Ome3mjaCHwtCisTty3YvYh3CmbujBn%2BerMTaROOqn3cu28cn8Y4dDdxK1g7gRangiXpO1zJkj32FAiuJOvrJ2619xUJDYmTj1trpYnuprgiMlSm6sn2FD%2FELL3cQCc2xCX7miWTWP7NhDSUk8WhC7tZ8V2URpsT%7Ctkp%3ABk9SR_78vI-jYg
"Acer Aspire 3 N19C1, i5 10the Gen, 4GB RAM, Does Not Power On, Parts or Repair",US,$30.00,For parts or not working,Intel Core i5 10th Gen.,15.5 in,Grey,4 GB,,,,Acer,,,,Acer Aspire 3,,4 GB,,,https://www.ebay.com/itm/275923309986?hash=item403e4f95a2:g:vBsAAOSwAcRkmewe&amdata=enc%3AAQAIAAAAsPbL9%2Fsz3KT4G1dTK5IGLokziOfgKyKQ64d9ir4N59oYL6TpWmfF4Mllj%2F4Drm0RRPU11idD20kYbJFMK%2Bv4Kp5f4YRkrXlyt1FRJf%2F5m3fi7YwQX9h%2FzZdoKo5IW5JDAI3Yl2Wrh0qog8z1FgmsIuu4qoYsSwHSG3G7FrA%2BNPShTqdI5yinXcikgKcxoUMRYhhyurZEJ90%2Fg0ExSVqT3rJjTU9YC%2F2dyHgphIUXfseL%7Ctkp%3ABk9SR_78vI-jYg
Lenovo ThinkPad X1 Yoga Intel Core i7-6500U 2.50GHz 8GB RAM 256GB M.2 SSD Win 11,US,$133.00,Used,Intel Core i7 6th Gen.,14 in,,8 GB,256 GB,,2.50 GHz,Lenovo,Yoga,Notebook/Laptop,1920 x 1080,Lenovo ThinkPad X1 Yoga,Windows 11 Pro,,SSD (Solid State Drive),,https://www.ebay.com/itm/354877726116?hash=item52a05c5da4:g:dioAAOSwTK1km27t&amdata=enc%3AAQAIAAAA4E%2Bt0yjdNKekhRp%2BDDdH6B%2B2wYmV7u2KJUzHO%2BQifBxJolHJwRAk0oYSP1%2Bw73iEvUXAA98aJgLhUYarl58e0GBjlBsIX0APz2JcIK9p6I1vnoj534qb1NJBbpyQ7KF9PiXrKei2qfKrqK2fDB34SU1hiEyeP%2F1dOQMdXSpAsCQxhcVqyLHLOYV9ZVDF84Xz4PTNoq9UHjWgHtEWrJHaSWuqrKUMr%2BfhBpxUNQ6%2FkipSQ6NwoYrCqN7KrWm6sK6anwu1nz7gptTTPSi8h%2BLNHwUDrEWKw%2B7iG%2BsNBLU9wWHh%7Ctkp%3ABk9SR_78vI-jYg
DELL INSPIRON 5559 | INTEL CORE I5-6200U | 120GB SSD | NO OS |,US,$69.00,For parts or not working,Intel Core i5-6200U,"15.6""",,,120 GB,,2.30GHz,Dell,,,,Inspiron 5559,Not Included,,,,https://www.ebay.com/itm/175790353475?hash=item28edebec43:g:w-cAAOSwsylkmjbx&amdata=enc%3AAQAIAAAAsAGv68yV2L08mE9ZHUzxaMjYDkupBnqXHWXNzxrY88TUCQ6kv%2Bl8rfzjCj5DS4l%2Ffxl%2B2DgbfoehnTjcbiRKT9GHTlUliqwruoZR9GF0YYLNYu7pv%2FiZXM%2BEGwP6uFWa6obXwC7wcqS%2BpWPHMLL0btkoMzsOxO4H7HfZyfgddpkf7W0gHx1SaNXXymakvr3t229A7idhLzpJcNTnIYRfJyVXb8kHTTESITHEpLgR1Qjb%7Ctkp%3ABk9SR_78vI-jYg
Hp Chromebook 14-db0023dx 2gb,US,$33.00,Used,Intel Celeron D,14 in,Black,2 GB,16 GB,,,HP,,Notebook/Laptop,1366 x 768,Hp Chromebook 14-db0023dx,Chrome OS,4 GB,SSD (Solid State Drive),,https://www.ebay.com/itm/394706348347?hash=item5be654e93b:g:AxsAAOSw9-9kenOf&amdata=enc%3AAQAIAAAAsB0YWJktgJjEB8CViqhvvSyAgj4ZvwdYtkmSy6MCEtq9q4dZuCGRk8Yip%2FscXWuxO6awXtk9e6WOkSVRFLL6HbKmlrJDvbQFZEdCKC8Sd278Ue9krxDkgvfhD1dButwF2T0OLLqYnxxqPYRpOZojX6tnCNASQ7M9TjtRSQ6q17k3wHHlXnpYmF21CFpzOVCx1i3fHkS5Katc1pfnKufuDuGv1WDq15cr6NvEFZhNeeb3%7Ctkp%3ABk9SR_78vI-jYg
Dell Latitude 7290 Core i5 8350U 1.7GHz 8GB RAM 128GB SSD 12.5'' No OS Laptop,US,$102.50,Used,Core i5 8350U,12.5,,8GB,,,1.7GHz,Dell,,Laptop,,7290,No OS,128GB,,,https://www.ebay.com/itm/134637389340?hash=item1f5903861c:g:jboAAOSwSRRkjLnK&amdata=enc%3AAQAIAAAAwNILYs7M8BRakhJa6CP%2FgCl6mnOF1wHXpGvwA2ajyR3XU6xc3vok0gh6XNfY3SnzbtaYSc6NIAFQodyJJbP6Q7WTsFsIabwSql0QGX8SFvUzGew6gNylZcJBPZYGrdIjvR%2BWgt3jT0AQTKkthH7K4mQKM2ebckaOUp%2BsN74HCxkwCI%2BUYlUFHCgKjJm7l9GLXy0%2Frg7e4nyrI8ueBNvK2HBUFH3%2BXvuYlImejEI9%2F7CXUvy3z%2F6bEEC6yPf%2BtyoVRA%3D%3D%7Ctkp%3ABk9SR_78vI-jYg
"Lenovo IdeaPad 310, 4GB Ram, i5 7th Gen, Powers On, For Parts or Repair",US,$37.00,For parts or not working,Intel Core i5 7th Gen.,15.5 in,Black,4 GB,,,,Lenovo,,,,Lenovo IdeaPad 310,,4 GB,,,https://www.ebay.com/itm/275923309985?hash=item403e4f95a1:g:f-sAAOSw9XRkmezt&amdata=enc%3AAQAIAAAA0CZzlJUnwGxkROglDKWJ18MHIBAFjXK56GdbrHpx0%2BNg%2FWwd%2BgTIzRcyWHVBrFXZ7Pnt%2Bg1qkrDED35cAmKKlZmhYYCmf3hVYnIhRjm0ffFqxw0fMpUJUfRtFe%2Be9mEswpvFghvzoNHQUsLwvP6CGmWxJQUsQyL2PqQtjShCujLjenFgJDSWbLSF5ojHeTlkoa5lzWkUlqpdJrnAhx2%2Fy1q5hZWQE1BshqRPYcy2KJz9aJbg6z1s1thuzfEWsR718hNs2mJcPUuDGO737JByjcM%3D%7Ctkp%3ABk9SR_78vI-jYg
Lenovo ThinkPad E490 | i5 1.6GHz | 8GB 256GB-SSD | *READ DESCRIPTION*,US,$110.00,Used,Intel Core i5 8th Gen.,14 in,,8 GB,256GB,Intel UHD Graphics 620,1.60 GHz,Lenovo,,Notebook/Laptop,,Lenovo Thinkpad E490,Windows 10 Pro,,SSD (Solid State Drive),,https://www.ebay.com/itm/235067850353?epid=0&hash=item36bb22be71:g:7qEAAOSwdvpkfkMl&amdata=enc%3AAQAIAAAAsIBLehuUSaYPvIn9r7K3zMriZf4tzKiVwQBe7ofon16UZfc0hppBCQldMcwwiPv1JcEL3we4m0TnhjumDBO7%2FPXdwGZ%2B8RbttWvicW2JmpUtvjSMEL6HA2TQCJ5wGgRR5GHfXPRRYlJqLwBhwjYHmVKKHpDRm1lTv79NidZWg2EXduyqoUHMEWyr336UJcMA32oAqBwOt9TlC7SF4SFUruHC2R2HzXccEp1Im%2B0GeYrm%7Ctkp%3ABk9SR_78vI-jYg
Lenovo Laptop 710-151kb Model 80V5 For Parts,US,$18.50,For parts or not working,Intel Core i5 7th Gen.,14 in,,,,,,Lenovo,,Notebook/Laptop,,,,,,,https://www.ebay.com/itm/295785906123?hash=item44de36bfcb:g:lPgAAOSwM9tkmtfp&amdata=enc%3AAQAIAAAAsF38vaZtW2%2FavqjcztIrwFIS9E9GgmpWZexKV3fu8bnDu4ugljOlaamlL11lhgQAG4SfD1BhkG89A%2F8prR%2Bz4bw3HpbLfvI4ZlQhel0d3zhp3BXjDffFMBHwEnjiMiyVZLCdTbgGl36O6ZMhSgqowu7oh08itM8fB4CSo%2Bg2xfh39iNhL4UWFMa%2FmrsNYWkCitKa2hBBjsxIh%2FlItkasG5m9ZNxyYweVagbZiy3TCUzv%7Ctkp%3ABk9SR_78vI-jYg
"Dell Precision 5520,i7 7th Gen, No Ram, Keyboard Lights Up, For Parts or Repair",US,$93.00,For parts or not working,Intel Core i7 7th Gen.,15.2 in,Black,,,,,Dell,,,,Dell Precision 5520,,,,,https://www.ebay.com/itm/275923309989?hash=item403e4f95a5:g:5ZwAAOSwLc9kmeqv&amdata=enc%3AAQAIAAAAsF2D7jKR0bc9CSyzPTc6LLmaGGBOGqUPjQfiHny%2FTIK8klCkOkT8A5N3sDFvZEKkzG0SNk0h1QiMdK5h5Y7qFWjZXj%2Be6yPtzYW2Uw6rvQ00nGYD2mItgrXMOYf8DnFF2mSQoA5J8pdwiIO02TX4A3sdfE6s9NawA3EgA4f6RE9mdeOmM%2FJeQgcoAbHZvGmB62GmH4ZywF%2BRxIbox99X891JYamu4k%2FFQLQifabn8Bv%2B%7Ctkp%3ABk9SR_78vI-jYg
Toshiba Satellite Click 2 Pro P35W-B3220-i5 FOR PARTS OR REPAIR,US,$29.95,For parts or not working,Toshiba,Intel Core i5-4210U,"14""",Silver,,,,1.70 GHz,,Notebook/Laptop,,P35W-B3220,Windows 8.1,Not Included,HDD (Hard Disk Drive),,https://www.ebay.com/itm/314659327539?hash=item4943284e33:g:SC8AAOSwwOdkkSzU&amdata=enc%3AAQAIAAAA4GTxe%2BqhQAZCgb9tBewdrzYyiSLS%2FYW4WWNuzsA2UksM71s7334394F5vBI0szAKHz8%2FwfPIYd%2B151BJRqzpj%2BGnY7w7%2Bq6k7yo8EY7NmduD%2Bc2O8SYvoYXd9Njq%2BDMWdUxVTspU6G76rH1J%2Bhgh7jtajsww7n3h46WGMq8r3pOPdGTwPRBBDSP9YHT7ffB8Zi5Pew4sPOWzEeL3PiTG2UAj%2FjrVaUPeuQLjy18qBsSNBt01zu59OKNxA89ggS5QA3pIVeZ%2BrgMngxpfGXqVS22Y1ogq0%2B5bW%2F%2FmEZAKvQ1%2F%7Ctkp%3ABk9SR_78vI-jYg
Lenovo Yoga 7i 16'' 2.5K Touchscreen 2-in-1 Laptop W/ Stylus Pen Storm Grey,US,$400.00,Open box,Lenovo,"12th Intel Evo Platform 12-Core i5-1240P, 8GB LPDDR5 RAM",16 in,Gray,8 GB,512 GB,,,Yoga,Notebook/Laptop,,Lenovo Yoga 7i,,,,,https://www.ebay.com/itm/394702095557?hash=item5be61404c5:g:qQ0AAOSwoQtklMLA&amdata=enc%3AAQAIAAAAwMK4ra0x6Qmi2IvdJ9dDDWa%2F05Vd1DLc4MTMRDHULdOfoVVBUqu3ZAQ%2FgOVh4pwFNb6odbFjvdqUrzmv3yg%2FQvapcvhwFM%2FSFcttIwcqZACptWkv8v7CQ2ISg1IoV5T1v9NCr9TekrF3mTtOO8vH9iwWAQnD6XyNXmOPBw%2BVsSwZaPfRcNYTqGlFpmyPREj8E0%2F8MIQhP%2B9G%2BoxGQOd5V569SIBFoNBdbTyF9SMPPOJd9pD1xtq6uBOHW%2BBi96xxhQ%3D%3D%7Ctkp%3ABk9SR_78vI-jYg
Lenovo ThinkPad E490 Core i5 8265U 1.6GHz 8GB RAM No HDD 14'' No OS Laptop,US,$71.00,For parts or not working,Core i5 8265U,14,,8GB,,,1.6GHz,Lenovo,,Laptop,,E490,No OS,No,,,https://www.ebay.com/itm/134637380720?hash=item1f59036470:g:acoAAOSwqBpkoLJ7&amdata=enc%3AAQAIAAAA0DcK4XES3edKA%2FutcbK2eaSecYsIz1oZAJVKc6seCdXv9Pqz%2BGIzv0iwso46SkFmCWZw4cfRP1woFKCJ2lR5Ij65V%2FvGj4fFihADgHEn5IhHHDcoeRNxOYuVRWBVKzJbFMKlFaiiNzIKd%2F%2FP6xQi2B5DLNgX%2FmgqnkH2aGV0NkrOTuADNQCKgDGanX8DZQYDj%2FOkJwmqN%2B5dceAgBEaMl4lRys%2FTCtVC323VIE5Lu9ur4YkHzh%2FRw1RtYGqMf%2Fz6mJVwK3ZfRzftJ3GK5CNHVwk%3D%7Ctkp%3ABk9SR_78vI-jYg
"HP ProBook 640 G1 14"" Laptop Intel i5-4300M, 8GB RAM, 320Gb HDD No OS *",US,$49.99,Used,Intel Core i5 4th Gen.,14 in,,8 GB,256 GB,,,HP,,Notebook/Laptop,,HP ProBook,Not Included,320 GB,HDD (Hard Disk Drive),,https://www.ebay.com/itm/125915521174?hash=item1d51266096:g:Ht8AAOSwRgBkUUju&amdata=enc%3AAQAIAAAAsNj1ik45BSbkvYiF44Az%2FxExlE4YYpvY%2FiQw0BOfGg0XDkyoaIR1mY%2B6SCqUU9YauhsLWboweQzTogxZJO8mqwBRsPrNshPe5OLHphKQsM%2B5UFYplpHPa%2FEKVkhGorfnST%2F3NHIoir0R1J%2BCI%2FpO0Nmzb9FW2hmbDjDmOQwRU9YjJE%2BdWKlUY6%2BnZD3II%2BjVyG3vFk1jPOXAbibdkLb07Ig0oBUxbW5lmsCRC%2FUu6eMv%7Ctkp%3ABk9SR_78vI-jYg
Lenovo IdeaPad Flex 5 15ITL05 15.6'' (1TB SSD Intel Core i7-1165G7 2.8GHz...,US,$255.00,For parts or not working,Intel Core i7 11th Gen.,15.6 in,Gray,16 GB,1 TB,NVIDIA GeForce MX450,2.80 GHz,Lenovo,IdeaPad,Notebook/Laptop,3840 x 2160,Lenovo Flex 5,Windows 11 Pro,1 TB,SSD (Solid State Drive),,https://www.ebay.com/itm/185969246418?epid=22058699337&hash=item2b4ca180d2:g:10UAAOSw-m1kofVr&amdata=enc%3AAQAIAAAAwHuLX1kWIGNOgVC2k4M6UplaQ0O7oMbX3xxWqG9P1zOzkYE216rnOaRoknZn0vDgL6wi5E1usKG1rg9w7kIqghGOXCVAXiy%2FCwxELfYs3c8JS6rwIygZeT5AmzB1TJONbYUEerrlFHUMX0v2ZqiFUDuTCGIYPrmg90c7fAZezBfRYOaWOVIsYec3X%2BeFl4z3177zeLi1aPryazs5rye8eDoCSXWbbLKSenACjisXNw1HaaKA9K5cZRNQG0m0%2F7Ahmg%3D%3D%7Ctkp%3ABk9SR_78vI-jYg
"Lenovo IdeaPad 5 15ITL05 15.6'' (512GB SSD, Intel Core i7-1165G7, 2.8GHz,...",US,$215.00,For parts or not working,Intel Core i7 11th Gen.,15.6 in,Gray,16 GB,512 GB,Intel Iris Xe Graphics,2.80 GHz,Lenovo,IdeaPad,Notebook/Laptop,1920 x 1080,Lenovo IdeaPad 5 15ITL05,Windows 11 Home,512 GB,SSD (Solid State Drive),,https://www.ebay.com/itm/185969266650?epid=19052716424&hash=item2b4ca1cfda:g:3L8AAOSwvNFkofqL&amdata=enc%3AAQAIAAAAwJLaRBxV3YV2bvN3zNMtnoc8M60iTlPB0Q7n65KOtSKxhpfahTbKyt%2FjA2SDV%2F2Qcwvu1%2BDx1fHitDqy1ELyND9NMDcac0wm2Wk4NIBrc2qC%2B1DvgZEezkQeth1TmbYJasfPgNa6Ca2J9KW9snEGzBqorwXu9gJdNlLdynWmaysydLm9PQAGj1AgfORuoLBnynNmxAm%2BCl4kXVbcwBxsJbtfKLwEnf4uye0rIvt8EefWhyOMC4hCOY6PXPlpLHgpyw%3D%3D%7Ctkp%3ABk9SR_78vI-jYg
Good Cheap Laptop Lenovo Chromebook ~ WITH Charger,US,$25.00,Used,Intel Celeron N3150,11 in,Black,4 GB,16 GB,Intel HD Graphics,1.60 GHz,Lenovo,,Notebook/Laptop,1366 x 768,Lenovo ThinkPad 11e,Chrome OS,16 GB,eMMC,,https://www.ebay.com/itm/385709289880?hash=item59ce10b198:g:WvQAAOSwpeVkmEQc&amdata=enc%3AAQAIAAAA0KmT60TJsjr7%2BkfXUQZxsxgqMjXeG7sOCPa2XFZ50FRwPSB7HRr6wivL103exsFHU5kxyr8O3tuUQq1exfr5zu9j1MFIm0lyqH7arY9inDAF%2BJBqBTIQQIcsUvSYWtkXOb7gwekyuiqQtB5wWoC4uo33IS9%2Bu8VcZQ%2B2Vp65tSjpYZU73LLqmENpzfAOBTvgEuZ8wgdwwJpj5ZZeG3C0rl8lJuennOWozqdARXblMNysIyq4MP50aRbwpYeDiPzCPDjwfd4g1jd5IjCgSg3kFec%3D%7Ctkp%3ABk9SR4D9vI-jYg
Dell Latitude E5570 i7-6820HQ 2.7GHz AMD Radeon R7 M370 No SSD,US,$88.99,Used,Intel Core i7 6th Gen.,15.6 in,,8 GB,,AMD Radeon R7 M370,2.70 GHz,Dell,Latitude,,1920 x 1080,Dell Latitude E5570,,,SSD (Solid State Drive),,https://www.ebay.com/itm/155629190654?hash=item243c38fdfe:g:kqAAAOSwvv1kmMeU&amdata=enc%3AAQAIAAAA4MtYCw829eJnXHo7jiXkXaOEvs%2FseJySjiIf6c6S%2BynJtJA9vN079OaBb1A1TV9mItCNyRyleF1vDh84X6Z2WNColCP28V%2Ftqcn1FnEKtfRKFurT0TYFh2tyaY%2F0fwEuPnjtI2dJJCgWXnvWcKkfMLCz%2FK5aLaWlwLaYOBY8jmivDY7XcF73D5fYqxiyzV3Qlb%2Bp0Ran1JpsTOqwFkfbREG8QfrU8SKgWJLni08v52gWlBATOpPSjnuNtQs7I3bFCGujWbR6IFTuSm4bMvV0s3L81xQ%2FIMuwfMtKrHRO95VC%7Ctkp%3ABk9SR4D9vI-jYg
Lenovo ThinkPad T460 240GB SSD i5 Windows 10 64Bit 8GB 2.40GHz Laptop Webcam,US,$99.99,Used,Intel Core i5 vPro,14 in,,8 GB,240GB,,2.40 GHz,Lenovo,,Notebook/Laptop,1920 x 1080,Lenovo ThinkPad T460,Windows 10,,SSD (Solid State Drive),,https://www.ebay.com/itm/305006601737?hash=item4703cf6609:g:gl4AAOSwDf1koPCq&amdata=enc%3AAQAIAAAA0CluVk%2BduAZDK2Tw4TunuVQfYYjO5AYdtEMARmhCyu6KV9O3LNogJ7NjLLjRJ0e4sFFPSAlOcqgjncaqTriEZFxPMYOVPimEMgjphPpU2mGhjEnjbFdjeIp544E1hSVHYU6agyT6luAuKqwa5YQGAwo7dN%2B%2FcmHSOso%2FA4BieBCPMMuXAzfbhALcBIuNTTefZiABYm4pibtIbCt731GlHQsdao70iuia198n5whS2CGaYn78BpsFuKtpLbvPp5oQNXLOpds3wufF8sdwZfAMFOM%3D%7Ctkp%3ABk9SR4D9vI-jYg
Dell Latitude E5470 i7 2.3GHz | 8GB 256GB-SSD | *READ*,US,$115.00,Used,Intel Core i5 6th Gen.,14 in,Gray,8 GB,256 GB,Intel HD Graphics 530,2.30 GHz,Dell,Latitude,Notebook/Laptop,,Dell Latitude E5470,Windows 10,256 GB,SSD (Solid State Drive),,https://www.ebay.com/itm/394706242334?hash=item5be6534b1e:g:VoYAAOSw865km15A&amdata=enc%3AAQAIAAAAsCRZ%2FSq0AW0Y9oYunbz7quNPJd5d6KW5AZJlNpOD881Hfy1LF01tsChXzBitOgeaIqwEvlckJ%2BTy7JV3LPapqiDX5BUdiVs3OSxsxR35XVBLw18Pi8kXstvLG4isJ3kaaCBmG8XXhO6fLJIkggOM0he5ESaLMR%2Bnsy9ytyddyRvnys%2Fb84V%2BFveN5gmnuXB1qkcsV5T9pCYLDxrnExdBYIlfze9b5xpwWL1H%2Bl%2FCxUbo%7Ctkp%3ABk9SR4D9vI-jYg
Lenovo ThinkPad E460 | i5 2.3 GHz | 8GB 500GB | *READ DESCRIPTION*,US,$71.00,Used,Intel Core i5 6th Gen.,14 in,Black,8 GB,500 GB,Intel HD Graphics,,Lenovo,ThinkPad,Notebook/Laptop,,Lenovo ThinkPad E460,Windows 10 Home,500 GB,HDD (Hard Disk Drive),,https://www.ebay.com/itm/235067846924?epid=0&hash=item36bb22b10c:g:HMgAAOSwrSpkm1I4&amdata=enc%3AAQAIAAAA0Hfoo40%2Fb8GGEcYD34rc7PViBoKV%2B5fAcpU0s8j1%2FlYIV%2FxVHJWpj9mGNl9%2BnPUlDlYAZ%2BSY2jTJcIVB2Fl0TBtDqeQMWlDP2dh%2FTV3qkKn7RC1aPmkU1L3SlLY2fjd1%2FeUExVeF4y6Gyr7j1LzdOFRJZRIRZXzQdygd2%2BzQPW%2F3gcRfge3PNitodrI74mV9otf1ycrsxoVP1uZMZ0Od5OBukKbieW7PIhHIlAkx4cTslaCv2wfqdsdibVY%2BRF5SmllFT%2Bzex9i1laS3dss94%2FY%3D%7Ctkp%3ABk9SR4D9vI-jYg
"Lenovo IdeaPad 5 15ITL05 15.6"" Touch 16GB 512GB SSD Core i7-1165G7 2.8GHz Win10H",US,$325.00,Used,Intel Core i7 11th Gen.,15.6 in,Gray,16 GB,512 GB,Intel Iris Xe Graphics,2.80 GHz,Lenovo,,Notebook/Laptop,1920 x 1080,Lenovo IdeaPad 5,Windows 11 Home,512 GB,SSD (Solid State Drive),,https://www.ebay.com/itm/235065321611?hash=item36bafc288b:g:mB8AAOSwu99kmMcd&amdata=enc%3AAQAIAAAA4Hn9X37RSbdLTXV6QGKPkdU1mv5735o4iT1j3iz1HjtB1QBatJ8rWSwSkEV5IxKyxwlYWcvSUuvdry2LJbxaFFaMjdhqpsjrQktf4e1WZTLgR0Oes8Fl42%2BGgRWrndJOrFGvMlf470FX0UDByzWCGG3zR1%2BSakRUNBd5y%2Ft2vjIa6r%2FZyMWR3yukNIFI%2FvHlBhmljkH5uJuWPlVd6vzTSbm9MRXVEKoN199pNzo%2FZzrfVocKWyXt47LZejIzKrPzlkLlFPJnwnyZ5AeWxmTCfxJVRk1W8meDeImkF1%2FBuKB9%7Ctkp%3ABk9SR4D9vI-jYg
"VAIO FE14 14.1"" Laptop i7-1165G7 16GB RAM 1TB SSD Windows 11",US,$250.50,Used,Intel Core i7 11th Gen.,14.1 in,Silver,16 GB,1 TB,Intel Iris Xe Graphics,2.80 GHz,VAIO,,Notebook/Laptop,1920 x 1080,VAIO FE14,Windows 11 Home,1 TB,SSD (Solid State Drive),,https://www.ebay.com/itm/354886266642?hash=item52a0deaf12:g:WTEAAOSwgURkoK~m&amdata=enc%3AAQAIAAAAwOikeND%2FjX7ekV0Ws%2BBM7lpAdJp2HhFaYVzODN97TcU9emrYN7BBEA51mDyG7cOH%2BJP7i8cIB4ggoBSMOM2xYwHHEyeVGBlISqmowaq81F9awwkv4ZXBSsmVjSx%2Bqv9njVdc6vAd%2BYLm4YbxI0Hs%2Fi6BRQIAVHJI5pP%2F%2FCuKGT5rU1fCB2m%2FioWecHWXQKDEFxUm8oxczyothrLUUfkkdkYT%2FkL1JTy2Vd7K0SrpSL1%2B45zR22bJBisQh%2BZzccPf7w%3D%3D%7Ctkp%3ABk9SR4D9vI-jYg
Dell Latitude E6530 i5-3210M 4xCPU@2.5GHz 4GB RAM 120GB SSD Win 11 Pro(6-29-8),US,$31.00,Used,Intel Core i5 3rd Gen.,15.6 in,Silver,4 GB,120 GB,Intel HD Graphics 4000,2.50 GHz,Dell,Latitude,Notebook/Laptop,,Dell Latitude E6530,Windows 11 Pro,120 GB,SSD (Solid State Drive),,https://www.ebay.com/itm/225645599800?hash=item3489869c38:g:DCMAAOSwu~lkngHF&amdata=enc%3AAQAIAAAAsD0JwG2Vjv9v3B5bsRPH2N0aKhnKNIlWtlA9OMtXDaxHnURmqDHpaLeSOiyIb8AvzOhZCv%2FgWR%2BCjYHx%2BDgmtkUoP9cyYYxsQDfljva8U9sLqvYomvDdAm8OYYxG039IDue5g9mpMbaBfO0lI278rKCqdyUkgP1C0tkCGTo367EDEte8dh9xqnU42r%2BI2vfwGNvfoMi4i8zkQyTDVAdgciqJ1SppONvd84N4dPNGuwK8%7Ctkp%3ABk9SR4D9vI-jYg
Toshiba Satellite L655-S5155 Turns On No Keyboard No HDD 15.6” 4GB Intel Pentium,US,$0.01,For parts or not working,15.6 in,Intel Pentium,Gray,4 GB,,,,Toshiba,,Notebook/Laptop,,Toshiba Satellite L655-S5155,Not Included,,HDD (Hard Disk Drive),,https://www.ebay.com/itm/134629190636?hash=item1f58866bec:g:bl0AAOSwbPVkjgmR&amdata=enc%3AAQAIAAAA0EqIyLnkhK9t%2FDCo4DYMxnzLPVOl%2B3Ec57PlJ9CyA0ImIeemGog%2FifIqegG4B75jkb4eeMvIHLtYAPFZpDuEE5XczJhWhmCv8%2FLJAeEOrsD3QwEVnfQLY0EXNOLag8Yov3GWXMuu3UftvwFW0WSSZFBurcnu35xBig2EGI690UxR6UNwfNm5xPbDOzkbWwHVlIBern3zMU0l%2FXaLQpjQkWHvIPfqMeXDH0UgnJiGYCwdWnJJgZqvSJsCqfuTMwzjBAqsc0Sec0MDKhwQBpAt6zM%3D%7Ctkp%3ABk9SR4D9vI-jYg
"HP Pavilion dv6 15"" No HDD No Back Cover Intel Core 2 Duo 2.20GHz 4GB",US,$0.01,For parts or not working,Intel Core 2 Dou,15 in,Black,4 GB,Not Included,,2.20 GHz,HP,Pavilion,Notebook/Laptop,,HP Pavilion Dv6,Not Included,Not Included,HDD (Hard Disk Drive),,https://www.ebay.com/itm/145156487050?hash=item21cc00378a:g:wpgAAOSwtlBkjJnn&amdata=enc%3AAQAIAAAAsDUSCEX%2BPvjgZM6vcRKChZ%2FGU7SZ%2BZM1KlMerAQKj473vOrBzoBMpkHh5%2FVgMHR9UyhM6BUYOToM7JeimQ1h%2BwQ2ujyB1eVA5A%2FABe%2BIVlPIRsTSJQ7NyZfy6TKYbIvYwIgLQ0t3BQicryqRdlFlw3M9aRQ3HlwNLRhkyYCctljuBdnORJywzOnEiyF7PBiNjc5TAQKmt30M73WBqtugG0chuWlGD2RLPCBj3zl0pKY%2F%7Ctkp%3ABk9SR4D9vI-jYg
Alienware Gaming Laptop Core I7 8th Gen,US,$450.00,Used,Notebook/Laptop,Intel Core i7 8th Gen.,17.3 in,Black,12 GB,256 GB,NVIDIA GeForce GTX 1060 6GB,2.20 GHz,Alienware,,1920 x 1080,Alienware 17,Windows 10,1 TB,,,https://www.ebay.com/itm/374788050014?hash=item57431bcc5e:g:umgAAOSwWxZkoPD2&amdata=enc%3AAQAIAAAAwAww7ejZIHpzuHp3RIWlZ0W369g2p%2BKtXU6nlmsNZOVHjtDbj6x7W7hYcyJ5e5%2BLL7b8qzXweCZRxA%2Fj7rgmAdeIXddv9CUkCeuRqYlYl6%2BGajnAk%2BTpypkeCdRg8oyRlNobv09O0peXIFqSsylf4bzPnczk57u56zgPH8rKxzFecvSEkPbcNNXppIb6s5K1cD8Sj1qVJ26TWccpdLVFdqSB9sSB2LXWnaCh%2Bf1hlC66CVtpTPT689OyeD2qHchT9A%3D%3D%7Ctkp%3ABk9SR4D9vI-jYg
"15.6"" Lenovo G580 Laptop",US,$11.50,Used,Lenovo,Intel Celeron B,15.6 in,,,,,,,,,,,,,,https://www.ebay.com/itm/225640835628?hash=item34893dea2c:g:6EMAAOSwzg9kmj1R&amdata=enc%3AAQAIAAAA0CxlsyF0Uup4pU%2FVL6vHYKvARJjhaXBHg3eEPmDgbX9VVhmdWaC6t6gOncvf5NWG01P9BccyJJLN32Uew2cw9i6olS7c1bPl1UlxuOIHl2zGAul0tacTkH3kIYahLlI7khwXdrcT7P9hjH%2BBXGYHhxMxMmOpN1tjJsAFcJMWIFSREQsw30WKmCRvHJGLq19sl4CYdw2LDqVeZj%2B6WR9amm3PW5WIwCHqRtAHeJ8iegqKNB0n6ETTXoLUOq0iU10ksmOer9XR%2FqKRcPr5%2B5Q8Tx4%3D%7Ctkp%3ABk9SR4D9vI-jYg
"Dell XPS 13 9343 Intel Core i7-5500U 2.4GHz 8GB RAM 512GB SSD 13.3"" QHD+ Touch",US,$111.50,Used,Intel Core i7-5500U,"13.3"" QHD+ Touch",,,,,2.4GHz,Dell,,Ultrabook,,XPS 13 9343,Not included,512GB SSD,SSD Solid State Drive,,https://www.ebay.com/itm/314670282301?hash=item4943cf763d:g:X~IAAOSwY2VkmMby&amdata=enc%3AAQAIAAAA4G9D86gP7nh%2Fh%2Fil7W3CnsCw4s6w4l2jj5Jo6nltP01zwPs6XmFrBP7p3lmlg3qq8vdtrXM0%2FXMxYGEInK5x6h%2B7UiArKNq%2BaqAWuFWmLw3yQkocRwS3ZYlC%2FKbF%2BbK81A2PLxUJ2kggsKv5mprTLgy4JuEz9WSoNQI1wOm52HX0AZCuzJl%2FENmA8dzTD8wsCrs3J06Owz1ywYAK%2FcEcp%2F3hE5f7379RZnr4oVOaEu8UcOw%2FGI3Qa2eO1Zdl97YpDlbNPRG5Z897sI3EU7LjBXdYB0aykPpPROWN33E3nCzI%7Ctkp%3ABk9SR4D9vI-jYg
"TOSHIBA Satellite M55 S325 12.3"" (No HD, Intel Pentium M 740, 1.73GHz, 1GB)",US,$0.01,Used,Intel Centrino,12.3 in,Light Blue,1 GB,Not Included,,1.73 GHz,Toshiba,Satellite,Notebook/Laptop,,Satellite,Not Included,Not Included,HDD + SSD,,https://www.ebay.com/itm/134624789798?hash=item1f58434526:g:BqAAAOSw5rRklJzJ&amdata=enc%3AAQAIAAAA0JxXTpsKy1tshyhmsaZBuI2yihp0TeZXlVILs%2FhvaNa3V%2FaPVEcEWpH2E32hk9n5M7EDvWBHpZzpIM9nmMmhyeYubOxHCEYnzobx%2F14AIDFn7nue3mzBmwM5xZGDlLcp0AtYi4e2AsuvRUPibfijb9%2BgSANxw5zoJa2jxGJb0xATbKjxzWsnMUtWi3dvnGj7ymY4xobxdrxHzY%2BUHIoM72LDD7mKJA6XyTm4W%2FFAz30VyFDEud28mRAfoXhFNQIPKRZ2CR4MQRZwSI%2BK9xvNbRQ%3D%7Ctkp%3ABk9SR4D9vI-jYg
"HP Elitebook 2740p 12.1"" (No HD, Good LCD, Intel Core i5-560M, 2.67GHz, 4GB)",US,$14.00,Used,Intel Core i5-560M,12.1 in,Gray,4 GB,Not Included,,2.67 GHz,HP,EliteBook,Notebook/Laptop,,HP Elitebook 2740p,Not Included,Not Included,HDD (Hard Disk Drive),,https://www.ebay.com/itm/134626434897?hash=item1f585c5f51:g:Xz8AAOSwuQBklfeZ&amdata=enc%3AAQAIAAAA0AIG2jVJYe2sZxuZ5WqQwabiKyR2qh83a0n%2FWzTfAnR8tNpDrQJ9Byxn1JlfxZDnXtox701jtAK4fAJr2S4v2HZq%2BZng65PnVhWUkN8vHfnfX6POQGvYe%2FekWN%2FHh06afvPTV3ZV2PR3W3A3tjZKcNPo3roirKE7rcDHGTqQwr9Af2qi2O3JfmSRN3oLMNESI9Df2gNVoaWDPAEQsQFZC8A2iSFIRaep6jzjhweZa013rAegXet7fIx%2BdYrqcz0qVFyCNVoRtH73yOUaitBj1eU%3D%7Ctkp%3ABk9SR4D9vI-jYg
Dell Inspiron 1764 Turns On Broken Screen 4GB No HDD 17.3 Intel Core i5,US,$1.25,For parts or not working,17.3 in,Intel Core i5,Pink,4 GB,,,,Dell,Inspiron,Notebook/Laptop,,Dell Inspiron 1764,Not Included,No HDD,HDD (Hard Disk Drive),,https://www.ebay.com/itm/134627786870?hash=item1f58710076:g:QW4AAOSwoVJklzAW&amdata=enc%3AAQAIAAAA0Fd6%2BQWT6eyyLZrpXYApK%2BOrrq5Kvhh8vvX8pczqIOLYM%2BHeJURekWhtngw3PusFPxcudeRghu3keNFjG1wFoUJ6f7IOQAvWwxG9YmtxVcKE%2FyRfz4a5qvyYOnW8H5xRQz7cE%2B7cND%2FP%2FbO2%2BSC%2B4O3uwjOstrGKaztmKYHM9t16BNHAbI6JPcOIMD7S9Alqm1ZEhgNfRqdOs9WknutcpN%2B0x5iAj7W1SxqlN4Qv3Wra4hLg9yi3ZtDugchu5bNwlr%2FqQUHGP4Gai7aAcSlGCuI%3D%7Ctkp%3ABk9SR4D9vI-jYg
HP Pavilion G60 Turns On Broken Screen Intel Core No HDD 15.6”,US,$0.01,For parts or not working,15.6 in,Intel Pentium Dual-Core,Black,,,,,HP,,Notebook/Laptop,,HP Pavilion G60,Not Included,,HDD (Hard Disk Drive),,https://www.ebay.com/itm/145153007582?hash=item21cbcb1fde:g:kpcAAOSw3Q5kle-G&amdata=enc%3AAQAIAAAA0BRPGSkSFfP7iCR4XrhVyFyCTfz%2BCK1UhiJbofOwapg3w06fKw61nuXcUM8j63FXSF3f1ky0%2B6ZwbFAAFyT4tOFyjPHZW01%2FHJCREoZ9z3E7ne3dmh%2FZR7B1Rlm%2ByjrxpKn5oxTWsXOfY4jMJovVyPXSiLlA6TciEWa0ZAE0qzx%2FaRlRHpNnB4rNnRvXHPtzye88tFIGihLou8pdgvUAQ5jiwj8yPlTdtwtBwVFYaCvtI5h68E6PAwA0D3SM5MjDyRpq3wBZIxUy4t0wkPSL%2B4I%3D%7Ctkp%3ABk9SR4D9vI-jYg
Mixed Lot of 5 Dell Latitude -(7480 / 7490)-(8GB Ram / 128GB SSD)-,US,$445.00,Used,Intel Core i5 8th Gen.,14 in,Black,8 GB,128 GB,Intel HD Graphics,,Dell,Latitude,Notebook/Laptop,1920 x 1080,Dell Latitude 7480,Not Included,128 GB,SSD (Solid State Drive),,https://www.ebay.com/itm/295785421620?hash=item44de2f5b34:g:8eUAAOSwxhtkmxSC&amdata=enc%3AAQAIAAAAsJSVj2bAQ%2F%2F4k9xD%2BTqjrzSRW7XeDJt1uX4na3knq%2FClXppW4%2FZmyPi%2FBFeySwQ3XKkaHwG3q%2Bakasy80YqPw7uE3ye4ISEoPYHkRdrAo%2F9GK4wyAtheMLhrZKOWvj3ev%2FgDZunb7lBTn1F%2F0LR2B7b%2BVo673%2BlK1YLJrxd%2Bm3S1UG6c6TN08e4izdrj5zaySwh468vIFkguAKlJsb2dNMg7hZ3ILSzv0aNDKQkJxIPL%7Ctkp%3ABk9SR4L9vI-jYg
LOT OF 4 Panasonic Toughbook CF-30 Core 2 Duo L9300 4GB RAM NO HD NO CADI,US,$10.50,For parts or not working,Panasonic,Intel Core 2 Duo,13.3 in,,4 GB,,Intel HD Graphics,1.60 GHz,Toughbook,Notebook/Laptop,,Panasonic Toughbook CF-30,Windows 10 Pro,,SSD (Solid State Drive),,https://www.ebay.com/itm/394691956787?hash=item5be5795033:g:99QAAOSw8GZkkgcf&amdata=enc%3AAQAIAAAA0NXXWQwi%2FEb%2Fnkx4UFE%2FeSkJ%2BnzgE6KfsKgTaRW0wAFqRxBydcC7wwIP%2Fih4a1od8RstaGL2IXB7CINk3zd0Kwmi0OGaTx3U1WbauV1If68UqEXNuBwUUlkQHd%2FadM6og%2B0oroo1pWio419bhI9Ucp1YGIkZArTF7NN1hBVYuBDOAHBgyMJ%2FhEOqhMjvzdUjUaSY8473QQUDH9zV66jgA68BIkan6B2wcvJFLc%2BahWgNRSG7nfH3D77panNIpSM8C4qOSwmJxAnzPSBol81pcOk%3D%7Ctkp%3ABk9SR4L9vI-jYg
HP ENVY 17M-AE111DX | INTEL CORE I7-8550U 1.8GHZ | 256GB NVME | 16GB RAM | NO OS,US,$230.50,Used,Intel Core i7-8550U,"17.3""",Silver,,,,1.80GHz,HP,,,,ENVY 17m-ae111dx,Not Included,,,,https://www.ebay.com/itm/195848095747?hash=item2d9974c803:g:ctkAAOSwgmBknJ2H&amdata=enc%3AAQAIAAAA0Ckz0J3I4%2BbMbPaQ0197pBJXl%2FcO8djvQYDYjjauKN%2Fh7qwfAopP%2BCSzVgogj4CPW4aCX0KiMS8PMognM0zYMYJ9wxme4%2FuD%2BWaQujLqLVI7qH7xeoUpC8U%2FirDtQ%2FZZfTahhZwSwaxtfJYr6MSXM8kzKmgUMnXVU%2BY1Tlo3tnRfgRClWUpsBUeQtLU3OSomlwicp0d%2FEkVzURRenFJUfpD%2FIqldxUZs4v1vJvCpkcAw%2BE%2Bm05jBvr7ty8PgurqPN2fnyItdeVHdc7C14%2B0pUdI%3D%7Ctkp%3ABk9SR4L9vI-jYg
DELL PRECISION 7740 | CORE I7-9850H | 256GB | 8GB RAM | NO OS/POWER ADAPTER,US,$405.99,Used,Intel Core i7-9850H,"17.3""",,,,,2.60GHz,Dell,,,,Precision 7740,Not Included,,,,https://www.ebay.com/itm/195849249988?hash=item2d998664c4:g:dYQAAOSwih1knW7q&amdata=enc%3AAQAIAAAAwLUBUsCncPNyCwnC9fpuZSGNRUbUj1kz2b1XIhCjfM2J12MUxtMiX2TmsXXWbAPZDQKJW0AR0ZrpOBiSHobm4i1H8kTWixuusZ4vP%2FULQJDraf1udPvn48LakAn0IwRu6HdIE2mIcwN%2BENjePiVQtef8SKAAXWniwBYh%2F1Ve2G6v8QVquSKDzq7C6Kfnc2VKQJlI5LJ1fN2LID1ddHryB%2F5TqHMcTZctz09J4lss3RGevyCLZV5me9nP6uqnK4SoLA%3D%3D%7Ctkp%3ABk9SR4L9vI-jYg
DELL INSPIRON 15 7559 | INTEL CORE I5-6300HQ 2.30GHZ | 256GB | 8GB RAM | NO OS,US,$200.00,Used,Intel Core i5-6300HQ,"15.6""",Black,,,,2.30GHz,Dell,,,,Inspiron 15 7559,Not Included,,,,https://www.ebay.com/itm/195849728157?hash=item2d998db09d:g:qvEAAOSw63FkncTf&amdata=enc%3AAQAIAAAAsK7UzVgxIgaxo5G1DrAc%2FRg%2F30gX5QNsosHOGROuMVbVbk5RylYUgDHx6n9ny4zxQFSBNsIr2PGF6%2B%2BSOXstYNohKvG1b%2BfGGgKv5SpNp1K1PyGVNBtYCEr8LLhqLxLBkNM%2BqKTUxNLZaR%2BLFYzE5%2F4gBuBZYlARrYtyDYZ46AvR7swjYTtxF4tJinCMBsWJl0FpRHsAURMHUs5%2FOOKXSqrs0oEakDHNG8cX9SuIO%2BeV%7Ctkp%3ABk9SR4L9vI-jYg
DELL INSPIRON 15-3567 | CORE I3-7100U | 256GB | 12GB RAM | NO OS/POWER ADAPTER,US,$92.00,Used,Intel Core i3-7100U,"15.6""",,,,,2.40GHz,Dell,,,,Inspiron 15-3567,Not Included,,,,https://www.ebay.com/itm/195849827970?hash=item2d998f3682:g:ozEAAOSwtoJkndNu&amdata=enc%3AAQAIAAAA0KJwyh6eRcq%2FQY8Q1zKTnjRy0U3m0S04a%2FITwpvB8GVT7%2Bl%2B4Io8z6M1m4GX93C%2F97uKdu5sz5moavS7WhV8quNR8m%2FVFcri9fYmfw%2BRe7odZ4v%2BsoW0sPGh9FXQVmWynDk5jT4IT57Tut5QNF179s4ZTTgeZwwkiAMa6YrvejIhBewRpcOH6xm1TuGmm%2BGymfQ34bSqrSdiasO2UifqoPctYkbcNj3GsdPVxpJYZPnbKmfM930LBgs%2BRo3tEyoKJ5T9hcML2vVDdTXruJa6uJc%3D%7Ctkp%3ABk9SR4L9vI-jYg
HP 15-BS013DX NOTEBOOK | CORE I3-7100U 2.40GHZ | 256GB SSD | 8GB RAM | NO OS,US,$82.00,Used,Intel Core i3-7100U,"15.6""",Black,,,,2.40GHz,HP,,,,15-bs013dx,Not Included,,,,https://www.ebay.com/itm/204381357659?hash=item2f9614065b:g:g5IAAOSwBF1knZTi&amdata=enc%3AAQAIAAAA0G2%2FVqwXuEf7cVZC%2BbqY%2Ff39TwRgL64MVVCtvtGIwfCbyv5DYC7R3ugUaLGp2Alj%2Fj5J7E8bCfi5waw7jlIexN2sYgniDPc2jWpq6l2Ja8H0fvZKb%2BO3wmlAOmZAVONAycRBTawesK%2BN4vMjubvZdUztjwYPhPt66yJFafWHXOPFdTyXzfaIqeRa3mQwgwmPsDPaU3T1CiHs3v%2BSo9PwW2XcOAQHrodQcgruW3qskwD%2Fylc3C4Awm%2B1eCEefbkTSmk48npxLuYIwswaCQz5mktE%3D%7Ctkp%3ABk9SR4L9vI-jYg
HP ZBOOK 15 G5 | INTEL CORE I7-8850H 2.60GHZ | 256GB M.2 | 32GB RAM | NO OS,US,$275.00,Used,Intel Core i7-8850H,"15.6""",Gray,,,,2.60GHz,HP,,,,ZBook 15 G5,Not Included,,,,https://www.ebay.com/itm/204381403545?hash=item2f9614b999:g:8JMAAOSwUcFknaWn&amdata=enc%3AAQAIAAAA0LUuLLBAZqTtYUb4gOaCDFvlWpMQC1u6gzdfaG5OmpiJlJl0WxoKjxhA4WE1fKxkAbkXR5XTqpnKT2aX3jpJLb1oJ9GWUvh3cM0FH3xvLsbD2ftINeE1woK6wrWa6QZwvDMQ8z%2FHxaL1oBcMnekIrqBmHEh%2Bes4WQMDY4auhpTcIPgyn7mUiCq3ygyFSe2jaOutSdr30%2FLvzfdMYuC7lA48EEKbblc90NzgUxnytLnE41pHEev5QPQRx26SNCv0wAjNYp3OysfHhWw4s5HP3sMk%3D%7Ctkp%3ABk9SR-TPw4-jYg
DELL INSPIRON 15 3511 | INTEL CORE I5-1035G1 1.00GHZ | 512GB | 8GB RAM | NO OS,US,$167.50,Used,Intel Core i5-1035G1,"15.6""",Light Gray,,,,1.00GHz,Dell,,,,Inspiron 15 3511,Not Included,,,,https://www.ebay.com/itm/204381468239?hash=item2f9615b64f:g:KvgAAOSwWxZknb1P&amdata=enc%3AAQAIAAAA0DGv0pwh788CZzkRX23uesfMslsygxIP3fkbHF4a73CCtd5NV4fKxYWNBwY7rdsBFncxhj19WolLflmPHSS5x8Z2c6sgvDKMic5948YncuYzqMLFbGIPECn5EVf2rNN3iyCl1DsB3u0ffWGnGPcFipfUAsphYwTutm8V8ZjmXKUN7pFqNKqu%2FJXOo8rbDUjQxyDc5zb6PBuwuTAwHiRIeY5RtjCCrjfjGzGqUmz5uV6hBf97dxMtVQsK%2BI1eC5F7Q4cbyO4txC1PIsrP4FTvWds%3D%7Ctkp%3ABk9SR-bPw4-jYg
HP ENVY X360 M6-AQ105DX | CORE I7-7500U | 256GB SSD | NO OS | NO POWER ADAPTER,US,$163.50,Used,Intel Core i7-7500U,"15.6""",Silver,,,,2.70GHz,HP,,,,ENVY x360 m6-aq105dx,Not Included,,,,https://www.ebay.com/itm/364326359993?hash=item54d38b13b9:g:jZEAAOSwoZZknYBY&amdata=enc%3AAQAIAAAA0MMaumFRRXRc9zQLKU4wOnMUWMOgF%2FL40oHTNRlzBz9rtsjKouwigMcA8jHq50veovXNLfqLcBhO3Um52hCNlBEGkU2Np2k%2Bamh1xvGSf8j%2FvBwmO4AC4OHtqDXJCnclPtucuD3dDkSSBZmVoD9Ylia%2BcmwqcXLy5%2BtjJIvYsV6WPciTiRE4MUNbQgjMdgLI6G7p22vk9umxyajdO7ol5p3m8rIth%2FBZwVHA%2BTnSsk2myXfnVPNaBIhDLc%2BN7p5ISQosdlZ55Mg4CC0w%2B%2BUi13I%3D%7Ctkp%3ABk9SR-bPw4-jYg
"HP Elitebook 1040 G4 i7-7600U 2.8GHz, 8GB, 512GB SSD, 14"", No OS",US,$169.00,Used,Intel Core i7 7th Gen.,14 in,,8 GB,512 GB,,2.80 GHz,HP,,Notebook/Laptop,,,Not Included,,SSD (Solid State Drive),,https://www.ebay.com/itm/266321449228?hash=item3e01fed10c:g:DgsAAOSwAvhkof9N&amdata=enc%3AAQAIAAAA4ChWT%2FdqrmUYZexsNbyIHBQ7BHhzaVEB1DJVfvexCW5AkcPfAkHrFQWePqDJDr0xPArrCOpLqzMMFkAfLrFf8k1kgRpSSxl7hth2cMT7UivBu%2FVIx9E%2B8nXpoXeO55TpD2RCv%2BwK4saui1SpoNyuWPtG9hcwvgW6hlaP6ZlNfWDUnYtTS8MlDOFrM7h5itFlEBkXIiL0KannB2gEIdHfsFdbP%2BTAmkRPnTx%2FYJFKQBGBcQ9vc1otl0l9u1KC0Adf8arLIS%2FdLikAH1nkxIsbcUJWew6%2FvpwdJTG6ib35X2ku%7Ctkp%3ABk9SR-bPw4-jYg
"Samsung SyncMaster 204B 20"" LCD Computer Monitor-- Black",US,$39.00,Used,Samsung,NA,20”,Black,,,,,,,,204B,,,,,https://www.ebay.com/itm/155621486675?hash=item243bc37053:g:eYcAAOSw9bFkkxIw&amdata=enc%3AAQAIAAAA0It6Rdfpod7ukTQmGKxQbUAyNDyfr0OvOQpd738Dj3h0PllST3wzzkp33iD3nyGPsmXsMdM%2FBDN26oVQi8YsjfybIu4VuVUPYcpNh44fy12ILxqG9m7fqCcres8WV4w71x4MGxNQThuqOyVmxDZpCVYxq0s%2FdPtYOQklXtOQdatg7rWYZkfBC97uoUimnf9lw18FKcG5tNTFc2qiVL13PO3dTIiOAcvbxxFU2q7BMd%2BzZss8jmeEnaWdVGqWUPaOtb%2BYrR6DiLdECJfMM3VVb%2Bk%3D%7Ctkp%3ABk9SR-bPw4-jYg
"Dell Inspiron 7500 15'' 4K Touch (32GB, 1TB SSD, i7-10510U Up to 4.9G, NVidia)",US,$525.00,Used,Intel Core i7 10th Gen.,15.6 in,Black,32GB,1 TB,NVidia MX330,1.8Ghz With TurboBoost to 4.9Ghz,Dell,Inspiron,Tablet / Laptop Convertable,3840 x 2160,Dell Inspiron 7500 2n1,Windows 11 Pro,1 TB,1TB SSD Storage + 32GB Intel Optane Cache,,https://www.ebay.com/itm/185964403762?hash=item2b4c579c32:g:Ro4AAOSwkfpkmJVd&amdata=enc%3AAQAIAAAA0EbbKM223sOi1C7rYAb6Ipw4zYPXGf9g0idYpMD%2FW9Q%2Fu9lIYy5wVAG5%2Bfm7fnaCf3I1CWjKWmOnMA7Lb36%2B7ankhFgAdfRNm3FVQqybMRxJHSGdNTqLGzFZdxFFSl%2BEN6uHtW2qS5sfRpFfX9KXxaJm21n3O3KJgt%2ByLW3Xv1lLuzRcUar9ppqVVNM1POYivXBO16AYGa3R6ag9ZfAkaRou9Qvy4eCLpfS24wG1jBpSb%2F%2FZkV8fykh8cOujpjCrSGEaXBUbmJIZmDJ%2BCeTOnX0%3D%7Ctkp%3ABk9SR-bPw4-jYg
"HP ZBook 15 G4 i7-7820HQ 2.9GHz, 32GB, 512GB SSD, 15.6"", M2200, Win 10 Pro",US,$219.00,Used,Intel Core i7 7th Gen.,15.6 in,,32 GB,512 GB,,2.90 GHz,HP,,Notebook/Laptop,,,Windows 10 Pro,,SSD (Solid State Drive),,https://www.ebay.com/itm/266321437132?hash=item3e01fea1cc:g:nhcAAOSwOrdkofwN&amdata=enc%3AAQAIAAAAwDtoj6%2FgsTHDuehhASsWCDb%2BL2SRmd1FEqLOV6T%2FCf7uERdHTRIMzZwWy%2FqUe41SMl%2BJT7jW%2BAKnLokMzopmdJruLMc8Ep8eFc4N63tn0ldhwpIlzdMPSTMzuDf60hPQQqOQSrq2mzftViXPlN7JMBJ08LqlWyk8bV2%2Frv3fct60xiec1uE17lNp2%2Ftd4X%2F%2BEYE9hcZhHT1QhMlYwJnyzFn%2Feqwvq%2Fl4Z8GsJRw5lT0QsHt1xkqCBefojW7GIyq5qA%3D%3D%7Ctkp%3ABk9SR-bPw4-jYg
HP Pavilon 510-P136 Intel Core i7-6700T 12GB 2TB HDD Win 10 Desktop,US,$239.00,Used,Core i7-6700T,None,,12 GB,,Intel HD Graphics 530,,HP,HP Pavilion,Desktop,,,Windows 10,2 TB,HDD (Hard Disk Drive),,https://www.ebay.com/itm/394360800752?hash=item5bd1bc45f0:g:XOMAAOSwTYZjio11&amdata=enc%3AAQAIAAAA4P1zqlshmwPeAsTW0s2z4V10VrbMvWNUQnCd11pS91Gb2g%2BjYc84xot5MuXfEEzembSk6jOKMOmwLrdbLv3eP3IfDQekYPM6jC2Wi9XhhWO0b%2Bf90wZu5vVll2gAOhCSn98zWrcz69usJPzGb0e4jALM%2FCI59D4Pwv3VqJ4f7L23wlnlmvEJpYGrHEmBLSWxchiQDcwiSszhPo3DY4uXwO7PruPuPTEL65IqQWfHQEGggosE6dA910zwsuxRNuixpahYUK06L1kG%2FfOayaCasD3m2OeGVg4BJUqweowr9rMG%7Ctkp%3ABk9SR-bPw4-jYg
"Gaming Laptop RTX 3070 64gb Ram 1440p 165HZ 2tb SSD, Ryzen 7 5800H HDR500",US,$950.00,Used,Lenovo,5800H,16 in,,64 GB,2 TB,,,,Notebook/Laptop,,lenovo legion 5 pro,,2 TB,SSD (Solid State Drive),,https://www.ebay.com/itm/225641850751?hash=item34894d677f:g:d3EAAOSwYyNklRMn&amdata=enc%3AAQAIAAAAwPrMiQUT3hhGmdo8Ep%2F2q0tcgwhbD5CCnxiQkz%2BtYLLeQVlue%2F2JyE8Fq7s39P0TW%2BbI54o4W5HbjzuSwJaGdOlpd9czg%2BvwHaZLF69V85kGJByxphlogP1TKOiH3EdRG62nZXTghVc0kZQ48%2Fp3kffrwE1X%2B0XOKJ6v%2Bg7KjtAQg99fKRdk1EL2lJZy2F%2BJ2HUWVn%2FhRzoKbrWkDpCKwZ2k9hIG294NTmlj5VqlOtqh5pnYRWUnp25eUkuKHFzvJQ%3D%3D%7Ctkp%3ABk9SR-bPw4-jYg
"Microsoft Surface Book 13.5"" - i5 Gen 6, 8GB RAM, 256GB NVMe",US,$134.99,Used,Intel Core i5 6th Gen.,13.5 in,Silver,8 GB,256 GB,,2.40 GHz,Microsoft,,Convertible 2-in-1 Laptop/Tablet,3000 x 2000,Microsoft Surface Book,Not Included,Not Applicable,SSD (Solid State Drive),,https://www.ebay.com/itm/404357055957?hash=item5e258f05d5:g:AbEAAOSwl-VkmhUg&amdata=enc%3AAQAIAAAA4P4aKdiRENFskGYq8cpDdfxs3ObReIyY9gExAL9fIB9RyNTB1s3EWwogAs%2BgDsHe0CLkaqJRcx7l0HuhCk5Ak%2B1iIpImF%2FRONMJT36QkIChzq3ESJcuCSkjkuSu0w89V4FflkojwtrQtggP8JyR7Vk9R5EyioR9DGAe8f6fc2C66vvgGacIbYGjjxJ%2FHn1PazxJt9yw2%2FFa%2BhVfxMN2Dcu66i6Itm98wnK2iNFOx5CSb8kuzjwFrL7TPwmnc7S9Cg17MdLTHGPsv7bxLUVPARj2SQlWRWTv3SJ07HqwC8RxY%7Ctkp%3ABk9SR-bPw4-jYg
"Dell Latitude E5450 Intel Core i5-5300U 2.30 GHz, 8GB RAM **BROKE**",US,$5.00,For parts or not working,Intel Core i5-5300U,14 in,Black,8 GB,512 GB,Intel HD Graphics,2.30 GHz,Dell,Latitude,Notebook/Laptop,,Dell Latitude E5450,Not Included,512 GB,SSD (Solid State Drive),,https://www.ebay.com/itm/145156481994?hash=item21cc0023ca:g:MIIAAOSwZb5khk-W&amdata=enc%3AAQAIAAAA0M3TYY3LO31mafxG5Rs1DtmqicGubXJGO5FKYpyBq6RlL1XW7tR2A%2F27%2FV7dfy56OyAnRnybl5Ya714nTQWOEgfyfDqBfXxroaYV29Sd6YtFRPGKL6ydnIw8aQ5pWL6CqCXqtolnKyTji9sNTfvRjf1ZwDIaEQe42A0OoFAwY431MURvsNGeI0xEh7oDrO5ijagrNvpV2MIm8are0ZKrV6o3LjtUHp6Bjt%2B7w7QdOaC%2Fu8gAUWUOaqusKV25CTKkizZhyjDTpr5oH9cAz2rj2Qg%3D%7Ctkp%3ABk9SR-bPw4-jYg
Dell G3 3579 15.6'' i7-8750H 2.20GHz 8GB 1TB+ 128GB SSD GTX 1050 Ti (A03013985),US,$299.99,Used,Dell,Intel Core i7 8th Gen.,15.6 in,,,,,,,,,G3 GAMING LAPTOP,,,,,https://www.ebay.com/itm/115839624903?epid=6054552413&hash=item1af89466c7:g:rqIAAOSwgrtklg-i&amdata=enc%3AAQAIAAAA4PyxD4wLxU%2BE4dvv2vHeKYS5FViT25hMIkjNO84Fai4nOO1RFQ3ELJ4RGL%2B1k87VrCqxn1HtmE8J0P7aWOkHBL7NX8098ZLAjVZBRLyCWJOhYMxlRZC9WLUqnKBogLAOBv6HAlqibkcX8%2BYLgIuw5aI11x8yYpBL2%2FlvkIgRZ6CNdr6xkbWezUzKfW0CvC2bDKxMg13eWY5EveUg5EKaFkGunuPXIfQpkd3LVwYVOYs26gNcVK2bqJWLPE20%2BuqrbVeTyP5nqiFTZJ14WFuQWwUCXOeL6JABCv1uO4CVAWQj%7Ctkp%3ABk9SR-bPw4-jYg
"HP ELITE X2 G4 CORE i5-8265U 1.60GHZ 8GB 256GB SSD BT-WLAN 12.3""FHD W10P",US,$424.99,Used,Intel Core i5 8th Gen.,12.3 in,,8 GB,256 GB,Intel UHD Graphics 620,1.60 GHz,HP,Elite,Convertible 2-in-1 Laptop/Tablet,1920 x 1080,HP ELITE X2 G4,Windows 10 Pro,,SSD (Solid State Drive),,https://www.ebay.com/itm/284514133963?epid=24034407203&hash=item423e5d27cb:g:IEgAAOSwGs9hAe0s&amdata=enc%3AAQAIAAAAwM5rshd%2Bu9bbyxBFbuV1raZQrg9ZuLFHGtILoupbaKUcIEd5hkn%2Fn14FOduRxpIag%2FcxeYrxNzvJCCdmY8%2FvzqEr8kh%2FeNA5xDfYfcQNg4eJubYMZ6AVozB3kxKg8m2JdjEG%2F3i7DIEm8UXZFXs82LHz4jreGeFvzgw7pbgrTBbO2ez1SOia0TiBpS5%2FQhnuMRXeVJjmuJWTzFFXfP6bLu03O4vAUzpQ4YqFlznXz59ZE45sk4wBiywAOmJ6K0zE%2FA%3D%3D%7Ctkp%3ABk9SR-bPw4-jYg
"Microsoft Surface Laptop Go, 9.5"" Touchscreen, 8GB, Wifi 4G, With Pencil",US,$131.50,Used,Intel Core i5 10th Gen.,9.5 in,Blue,8 GB,128 GB,Intel UHD Graphics,1.00 GHz,Microsoft,Surface,Notebook/Laptop,1536 x 1024,Microsoft Surface Go,Windows 10 Home,8 GB,SSD (Solid State Drive),,https://www.ebay.com/itm/314670274258?hash=item4943cf56d2:g:HgkAAOSwEkRkmMOn&amdata=enc%3AAQAIAAAAwEJAzGiK6yr7DY2gIcEPJPt28cD4gaJ46SwUIEiF5ox4n9AojfhR7vVrEvEA2JIqphbFJFjBQrBWJ%2BOaiWIjnusSu0MPO%2Fgu2ouem1N2ooFKbJE8kS1r7tsOc7ygFEi6iiAk5%2F4ku1nYpWb85JUsk7up%2BfWKKE6gmkrAMituM0W%2FrFKu89JUmbkpPOv1BjN3JvMbqAPJ3OCTpjB4Sgiwr6QMXdAMyuQUE3wgpDj5iTkWvwUhrXAMjU7m1rJkz6W%2Fxw%3D%3D%7Ctkp%3ABk9SR-bPw4-jYg
"Lenovo 300e Chromebook 2nd Gen 81MB004EUS 11.6""",US,$45.00,Used,Intel Celeron,11.6and ampquot in,Black,4 GB,32 GB,,,Lenovo,,Notebook/Laptop,IPS LED,Lenovo 300e Chromebook,Chrome OS,32 GB,SSD (Solid State Drive),,https://www.ebay.com/itm/204377811291?hash=item2f95dde95b:g:aNMAAOSwlYtkap7k&amdata=enc%3AAQAIAAAA0CC0tzPkmSWr6x%2FBWv8KEiAm96mksmcgMbWvo9Jt1U4XtHv2Hjey1IzosmmE5uA15VheY%2FSmQNu%2Ba%2BFha%2FzQSp2gbl8sxMiefS5zP%2BQydHLjnqluKjmi7MXl%2F6iMkrnF03BLC6Kih3AdPPXavDdKHxK5rz4gVyoSKG%2Bn7nPiiIREwD%2FbbImkS69HOYCMfPbVz%2F6Tu0MIdExFzdEIiN0sfpPJwOhlQqFyX8n6kUPySVSyJ84r%2F7grUXixHSq0%2BC5AOghj9KQkPqTTkbSaLPEeR6I%3D%7Ctkp%3ABk9SR-bPw4-jYg
"HP Elitebook 8470P with 16 GB RAM, 256 GB NVME SSD, Win 10 Pro, DVD Writer",US,$55.00,Used,Intel Core i5 3rd Gen.,14 in,Silver,16 GB,256 GB,,2.60 GHz,HP,Elitebok,Notebook/Laptop,,HP EliteBook 8470P,Windows 10,256 GB,SSD (Solid State Drive),,https://www.ebay.com/itm/225625047695?hash=item34884d028f:g:FO0AAOSw0JxkjxtX&amdata=enc%3AAQAIAAAAsNXhQ7%2Be77TZo0KtQsVgij3sq2x7u2upEj%2Frl1ULd%2FOqyVcOwS%2By7LHufSR6Qwu96sElGS5nWiDGbyXAtnlh9dqlEWaFzWbGEFfgAFmNoFkJAm0%2BtzjArW07o7MLQINC1%2F1pNjTW3rHQkGuODSRwLO1Hd4%2Fd68eE94928%2BMMdudgwyVz40zFH1LG4ONEaqXcA46MDfE3o2mq1Sv2OHxmfv1YUn93mRmtLWYu0vmKzyRY%7Ctkp%3ABk9SR-bPw4-jYg
"LG 14"" Gram - 512 GB - priced to sell",US,$300.00,Used,LG,Intel Core i5 12th Gen.,14 in,,,,,,,,,LG gram,,512 GB,,,https://www.ebay.com/itm/354873621676?hash=item52a01dbcac:g:D24AAOSwxidkj4ZJ&amdata=enc%3AAQAIAAAA4K78Xd%2F8o3dJmOFrOCDuP%2FAj9txhTQwhoPYpPsDJ0iuGfN%2FOdNSLkDj22VGKG5dS%2F1LLHnfXyKbrNtKZSYXWjQ5lc45N6vVcm1YkPNb8Pia%2BWyhzMROZzmc0vqHVknrZ0IvR5GR9JgtcSgEl1vWt%2BLcrgBb0967tp2yc8Jj23uUnQQZ82ehYq55jAnO%2F131fb3G6it2Qx3Ck%2FMFmfoLEBlWEjAmpdyisniOUYdW6iT4cPBLzq2zCm8VDyeix0YjLkMGZtWJyspdkI9EMYFNXtkgl7CFZG75tUC054zVhKo63%7Ctkp%3ABk9SR-jPw4-jYg
"HP PAVILION 15-cs0064st i7 1.8/4.0GHz, 16GB ,256G SSD,CAM,BACKLIT,WIN10,FHD1920",US,$227.77,Used,Intel Core i7 8th Gen.,15.6 in,,16 GB,256 GB,,1.80 GHz,HP,Pavilion,Notebook/Laptop,,Hp Pavilion 15,Windows 10,16 GB,SSD (Solid State Drive),,https://www.ebay.com/itm/155640714620?hash=item243ce8d57c:g:tYgAAOSwvoZknejf&amdata=enc%3AAQAIAAAAwA8c4Xf35nI%2B%2BlcuSOYZnmSrYWpAf4BsBGzUnw5CH%2Fk7u5Aq7ciGznKGq9D%2FUuEssBAcGrDgIi%2FlNTFUZtCVZ0owSxJmKwGSMHa3CDvDoUECWVUIvHbUHHrbIr3fZryTHfwntqyZ%2BuWxr69wSXDyKG9XG8PrD7JAMbPFREtgNvnuBOwnYV4J79KaCSyTyxpQg2pT8FZC6iqZP3u90cSRv9iYH8ZK530ZUiI%2BYeZqLf5US9wkWyV9QJtjFfDrEzz2bA%3D%3D%7Ctkp%3ABk9SR-jPw4-jYg
Getac K120 i5 Rugged Tablet Laptop 2 in 1 With Detachable Keyboard MSRP $4044,US,$560.00,Used,Intel Core i5 8th Gen.,12.5 in,Gray,16 GB,256 GB,,3.40 GHz,Getac,Gentac,Notebook/Laptop,1920 x 1080,K120,Windows 10 Pro,256 GB,SSD (Solid State Drive),,https://www.ebay.com/itm/266317635686?hash=item3e01c4a066:g:DE8AAOSwkMtkkamw&amdata=enc%3AAQAIAAAAwP0UrK1NeDqNy3U5SrZOz2DXLVORIWfV9aOWHuajxLwlbth%2FouPz7HmGvVGFixN3NHwUuu%2BjD2CCRt3OGYXzIAOFvcRvB4aM3axR0rVToRuhP44WwchSg1dMxnQJG6JcjN22ZD%2BzGDE2dapbneo0VhOKE9TU3jdYuAPLEutHnkQ1N1Hia21ywI9q%2FW0gVUQ%2F9wIBEgscdIzXl3R1TQhauIIV7dT%2BQItZkUhPxgFkkh3x2K1EdfSi%2BoNGdZ2lG0XcDA%3D%3D%7Ctkp%3ABk9SR-jPw4-jYg
DELL LATITUDE 3550 INTEL CORE I5-5200U @2.20GHZ 4GB RAM 500GB SSD WIN-10PRO*READ,US,$69.99,Used,Intel Core i5 5th Gen.,15.6 in,Black,4 GB,500 GB,Intel HD Graphics 5500,2.20 GHz,Dell,Latitude,Notebook/Laptop,1366 x 768,Dell Latitude 3550,Windows 10 Pro,,SSD (Solid State Drive),,https://www.ebay.com/itm/334919157362?hash=item4dfabcc672:g:zdAAAOSwTE5jypmB&amdata=enc%3AAQAIAAAAwARGaDtkI6nQ1r0miAU%2B%2BDJ7h4qY9Hg2hI6mYbL7QuXiXgtWmk23oNiKpxILHAsA5r61Yo%2B9qy%2BbDzdxpPYymYKaPmej0qVTCdqebeq2Qe%2Bn6eEZb6pIbAAY4sAvHcVxqVRmZE2TagpWIMqMJVSRaXRwMWqKHy6ER9oH0SWFYkNFNl8kMSJEHm4LWfSReuqw0Y5%2B26pHe9X39cAGseyeNBRb3zj6t2%2FdLCUrWdmZ5Aq%2FMxMoXifgwPpAhejTCsnhCg%3D%3D%7Ctkp%3ABk9SR-jPw4-jYg
"Lenovo ThinkPad X1 Yoga Gen 1 14"" i7-6600U @ 2.6GHz 16GB 256GB Win10Home *Used*",US,$104.99,Used,Intel Core i7 6th Gen.,14 in,Black,16 GB,256 GB,Intel HD Graphics 520,2.60 GHz,Lenovo,Yoga,Notebook/Laptop,2560 x 1440,Lenovo ThinkPad X1 Yoga,Windows 10 Home,,SSD (Solid State Drive),,https://www.ebay.com/itm/354883677319?hash=item52a0b72c87:g:-QIAAOSwNcJknGP-&amdata=enc%3AAQAIAAAA4MV20f95v69QNDWC5qAAWOr9c95hAt6A90t3W6oSdsb1eH3bzrefQLgvHao8JyXqik1SWQn6n8sEYCBg4oZ%2BAAtXyIk4RQEmL1GNH7yCucCBjZNR7JhlkCH9SwZUqffQFyYWFwXrCLDwYb35HetU%2BLmkKix%2B9%2F8qARYhpwI2inrGx8e5%2BCBVhlSt6bxr5euz2DPdOCpBMFFDNcYWKpgxE3Z3ILld65mNP5gw8NH8%2BrT5NtS%2Bz3%2FEb5ztygHdJ1iZNweppENRXqO%2F1SMK6kXA6CnVako9OZU5sKq1mdIMoIbL%7Ctkp%3ABk9SR-jPw4-jYg
Panasonic Toughbook CF-54 i7 7th Gen 16GB 512GB SSD LTE Rugged Laptop,US,$410.00,Used,Intel Core i7 7th Gen.,14 in,,16 GB,512 GB,,2.80 GHz,Panasonic,Toughbook,Notebook/Laptop,,Panasonic Toughbook CF-54,Windows 10 Pro,512 GB,SSD (Solid State Drive),,https://www.ebay.com/itm/266317634588?hash=item3e01c49c1c:g:YwwAAOSwMy9knghp&amdata=enc%3AAQAIAAAA4GDWyd9i2YMcqDDYZgIr%2FPHsGWMs1MpN6XNEu%2Bqwj90pUx6j7dJ5weER0CBmBjyFv0OHBbFD%2FFOd7oGDtU4NUibLUcgOkfrwVtdO3m0h9GMSx9TUiZDNSxdjXtg%2BV0CO5m01J0vi62Aoay0pkA69l0DDN4HtgtukXdYhjEdbL3AwPpG3x4BZq611CRTGPXHbTrUmDne4BjNXLbVEHy45MjTwE85EnIqXXpt3HzVBUptlxUysSOlgJ9ynrLzwb8xDnGEKz%2Fr6%2B4cphzhsmaWlCXrnCWlvLQHRTtQE5QgXJ7MN%7Ctkp%3ABk9SR-jPw4-jYg
HP Split 13 x2 Laptop - i3-4012Y - 4GB RAM - 500GB SATA SSD - Win 10,US,$71.99,Used,Intel Core i3 4th Gen.,13 in,,,,,,HP,,,,,,,,,https://www.ebay.com/itm/195849304109?hash=item2d9987382d:g:LakAAOSwU7tknXb2&amdata=enc%3AAQAIAAAAsCenX5YBXoJ6n6p7tK2R6KGqzGbK%2Fl4VmBXylOmvQaHEC8IRWBm%2BhCw%2BgK4dxnHyDk057a7jSXNqsCPU%2Fm%2B83DV1MMC1uZ%2Bv7qgCwvNkNCjf%2BsXkb%2BX59HCcidO2T%2BKTkk8tn8plQpMCY%2Fq701WKv%2BpZjETvsNSBlfx8xcvLhsL6nA1xeGBrW5GEXs8NuzEhKjokIr0wi328bASbD4tuR5rgCnLz8dCJ1IMgGI6HPpfV%7Ctkp%3ABk9SR-jPw4-jYg
HP Notebook 15 f004wm Laptop Computer Intel Celeron N2830@2.16GHz-4GB-500GB,US,$49.99,Used,Intel Celeron N,15.6 in,,,,,,HP,,,,,,,,,https://www.ebay.com/itm/385701798106?hash=item59cd9e60da:g:6LIAAOSwGpBklEbC&amdata=enc%3AAQAIAAAA0H8jAXtQaxkZrspeBJ5wZ3fOBjol6L1Ez3SWMuR44cqrqR0eA8xiN0CWfKV0JqExkUceNW3Ss%2BbHicQnk3%2Be99S%2FLuxZ21JMas6lqp8v8vxuGkM1Bts3akAiZMPmJRDaTkUq%2FPxnB8P90EJCLoy%2FAq6jx0JWnY%2BxLqn1B3gUHNvQtSYRmlacoFXbGScWcgi%2FoHXNqCzMt6iXL7%2BMuN2AyMHa0QZBjXc08lzNNfM0Ot76d9y7m6PXFKablRN1QYlIdWVSs39L%2F4AYMDziKSDkIVI%3D%7Ctkp%3ABk9SR-jPw4-jYg
"17.3"" Dell 7710 Precision, i7-6820HQ 2.70GHz, Quadro M500, 32GB, 1TB SSD",US,$399.95,Good - Refurbished,Intel Core i7 6th Gen.,17.3 in,Black,32 GB,1 TB,nVidia Quadro M5000M,2.70 GHz,Dell,,Notebook/Laptop,1920 x 1080,Precision 7710,Windows 10 Home,,SSD (Solid State Drive),,https://www.ebay.com/itm/115625197220?hash=item1aebcc7ea4:g:32sAAOSw4fJjimTF&amdata=enc%3AAQAIAAAA4C1Kbsc0DOkp4RZMBwpbr%2BLaObcUavmsNStede6%2BOmdrRUhp95m2yJwIKoDTnVevy%2B9TGHRLwQt1xjUWo97zBFPuPD45B0%2FWoTjmFeVhoIT7vpN6iQKyjSRGz4mcHRoXgnCDSWOcifMPpBnTBt5RDwIUD4%2Fp42q6rUrmTsImTolXx8dl8Cyb1d9g%2F8w%2B6UXr0c%2FSgHN64o%2BILnlE4WIPiO4GP%2Frwm4G1NaKz%2Bgiszt7C3J5EmmWrxVge%2BXaaqKN6Wt%2BBV2czOts%2BpnNyshxKQG5lIU8w3xjeCZHkIfVqSuIv%7Ctkp%3ABk9SR-jPw4-jYg
